Date,Time,Symbol,Entry,Exit,Qty,PnL,Reason
2026-06-25,09:37:21,SENSEXBETA,854.24,854.0,892,-214.08,STOPLOSS
2026-06-25,09:37:44,SIYSIL,650.2,660.1,163,1613.7,STOPLOSS
2026-06-25,09:37:56,SHRIPISTON,3969.9,4026.0,50,2805.0,STOPLOSS
2026-06-25,09:38:07,WAAREEINDO,402.0,409.9,689,5443.1,TARGET
2026-06-25,09:39:09,EMCURE,1923.8,1884.3,50,-1975.0,STOPLOSS
2026-06-25,09:39:11,ORIENTBELL,325.0,333.15,500,4075.0,TARGET
2026-06-25,09:39:53,INDNIPPON,952.0,954.0,298,596.0,STOPLOSS
2026-06-25,09:40:33,TALBROAUTO,399.95,419.0,165,3143.25,STOPLOSS
2026-06-25,09:41:20,TIMEX,501.25,511.45,287,2927.4,STOPLOSS
2026-06-25,10:03:21,KABRAEXTRU,242.05,240.52,1923,-2942.19,STOPLOSS
2026-06-25,11:47:47,ONWARDTEC,281.7,299.5,146,2598.8,STOPLOSS
2026-06-25,11:54:24,TATACONSUM,1106.4,1113.2,180,1224.0,STOPLOSS
2026-06-28,10:15:20,SBIN,1027.0,1055.0,25,700.0,TARGET
2026-06-29,11:33:05,DALBHARAT,1721.2,1704.7,29,-478.5,STOPLOSS
2026-06-29,12:08:34,HDFCAMC,2663.8,2636.0,18,-500.4,STOPLOSS
2026-06-29,12:17:24,TITAN,4305.0,4272.9,11,-353.1,STOPLOSS
2026-06-29,12:21:15,EUREKAFORB,459.85,446.9,108,-1398.6,STOPLOSS
2026-06-29,12:51:08,SAREGAMA,492.65,492.6,101,-5.05,STOPLOSS
2026-06-29,13:37:49,MINDACORP,673.45,673.35,74,-7.4,STOPLOSS
2026-06-29,14:38:02,AUROPHARMA,1576.8,1550.2,31,-824.6,STOPLOSS
2026-06-29,14:46:41,AVANTIFEED,963.6,936.4,51,-1387.2,STOPLOSS
2026-06-29,14:56:30,VIMTALABS,599.1,582.3,83,-1394.4,STOPLOSS
2026-06-29,15:00:47,MAZDOCK,2496.0,2458.2,20,-756.0,STOPLOSS
2026-06-29,15:01:07,ASTRAMICRO,1752.1,1717.5,28,-968.8,STOPLOSS
2026-06-29,15:04:44,LLOYDSME,1744.2,1797.0,28,1478.4,TARGET
2026-06-29,15:11:29,MCX,2857.8,2936.5,17,1337.9,TARGET
2026-06-29,15:15:00,V2RETAIL,224.75,227.45,222,599.4,TIME_EXIT
2026-06-29,15:15:00,AUBANK,1035.5,1030.3,48,-249.6,TIME_EXIT
2026-06-29,15:15:00,CAMS,794.45,788.45,62,-372.0,TIME_EXIT
2026-06-29,15:15:00,NAM-INDIA,1155.0,1167.6,439,5531.4,TIME_EXIT
2026-06-29,15:15:00,NLCINDIA,323.6,328.0,154,677.6,TIME_EXIT
2026-06-29,15:15:00,AADHARHFC,525.0,518.15,95,-650.75,TIME_EXIT
2026-06-29,15:15:00,ZYDUSLIFE,1121.7,1121.7,44,0.0,TIME_EXIT
2026-06-29,15:15:00,VEDL,275.95,285.0,181,1638.05,TIME_EXIT
2026-06-29,15:15:00,TATACOMM,2003.8,1991.4,24,-297.6,TIME_EXIT
2026-06-29,15:15:00,360ONE,1091.0,1090.2,45,-36.0,TIME_EXIT
2026-06-29,15:15:00,OBEROIRLTY,1764.2,1757.9,28,-176.4,TIME_EXIT
2026-06-29,15:15:00,ATGL,715.05,729.85,69,1021.2,TIME_EXIT
2026-06-29,15:15:00,HINDALCO,967.2,963.6,51,-183.6,TIME_EXIT
2026-06-29,15:15:00,GOKEX,853.8,850.05,58,-217.5,TIME_EXIT
2026-06-29,15:15:00,RAMCOCEM,926.95,930.0,53,161.65,TIME_EXIT
2026-06-29,15:15:00,KALYANKJIL,380.75,378.1,131,-347.15,TIME_EXIT
2026-06-29,15:15:00,AETHER,1348.0,1344.3,37,-136.9,TIME_EXIT
2026-06-29,15:15:00,SUPRIYA,939.85,973.45,53,1780.8,TIME_EXIT
2026-06-29,15:15:00,JYOTICNC,781.35,782.95,63,100.8,TIME_EXIT
2026-06-29,15:15:00,LICHSGFIN,552.05,560.1,90,724.5,TIME_EXIT
2026-06-29,15:15:01,HEXT,522.55,517.6,95,-470.25,TIME_EXIT
2026-06-29,15:15:01,SAILIFE,1232.3,1253.9,40,864.0,TIME_EXIT
2026-06-29,15:15:00,ICIL,427.45,426.9,116,-63.8,TIME_EXIT
2026-06-29,15:15:01,WELCORP,1477.6,1510.0,33,1069.2,TIME_EXIT
2026-06-29,15:15:01,CHAMBLFERT,473.25,474.05,105,84.0,TIME_EXIT
2026-06-29,15:15:01,EMCURE,1882.2,1856.8,26,-660.4,TIME_EXIT
2026-06-29,15:15:01,LICI,426.9,430.75,117,450.45,TIME_EXIT
2026-06-29,15:15:01,CIPLA,1471.0,1454.9,33,-531.3,TIME_EXIT
2026-06-29,15:15:01,AVL,673.05,669.65,74,-251.6,TIME_EXIT
2026-06-29,15:15:02,NATCOPHARM,915.0,920.2,54,280.8,TIME_EXIT
2026-06-29,15:15:01,SHRINGARMS,219.0,219.89,228,202.92,TIME_EXIT
2026-06-29,15:15:01,STARHEALTH,588.0,586.85,85,-97.75,TIME_EXIT
2026-06-29,15:15:01,KTKBANK,269.85,268.6,185,-231.25,TIME_EXIT
2026-06-29,15:15:02,SHADOWFAX,224.39,226.96,222,570.54,TIME_EXIT
2026-06-29,15:15:02,JSWENERGY,578.6,587.2,86,739.6,TIME_EXIT
2026-06-29,15:15:02,GABRIEL,1246.3,1277.4,40,1244.0,TIME_EXIT
2026-06-29,15:15:02,AIIL,522.75,519.05,95,-351.5,TIME_EXIT
2026-06-29,15:15:01,DENTA,330.1,335.35,151,792.75,TIME_EXIT
2026-06-29,15:15:02,PIXTRANS,1845.2,1867.0,27,588.6,TIME_EXIT
2026-06-29,15:15:02,SHAILY,2919.6,2889.9,17,-504.9,TIME_EXIT
2026-06-29,15:15:02,MSTCLTD,654.65,691.75,76,2819.6,TIME_EXIT
2026-06-29,15:15:02,SKYGOLD,506.5,512.8,98,617.4,TIME_EXIT
2026-06-29,15:15:02,PRINCEPIPE,284.5,284.85,175,61.25,TIME_EXIT
2026-06-29,15:15:02,QUADFUTURE,458.25,445.9,109,-1346.15,TIME_EXIT
2026-06-29,15:15:03,CUB,202.65,200.55,246,-516.6,TIME_EXIT
2026-06-29,15:15:03,OIL,413.3,412.65,120,-78.0,TIME_EXIT
2026-06-29,15:15:03,POLICYBZR,1638.4,1620.4,30,-540.0,TIME_EXIT
2026-06-29,15:15:03,AMBUJACEM,426.65,424.25,117,-280.8,TIME_EXIT
2026-06-29,15:15:03,SPARC,229.92,230.97,217,227.85,TIME_EXIT
2026-06-29,15:15:03,PHOENIXLTD,1921.1,1908.5,26,-327.6,TIME_EXIT
2026-06-29,15:15:04,AVALON,1790.0,1776.9,27,-353.7,TIME_EXIT
2026-06-29,15:15:05,PCBL,320.7,319.8,155,-139.5,TIME_EXIT
2026-06-29,15:15:04,SOMANYCERA,520.35,519.45,2489,-2240.1,TIME_EXIT
2026-06-29,15:15:05,TRITURBINE,677.5,688.85,73,828.55,TIME_EXIT
2026-06-29,15:15:05,RRKABEL,2522.9,2503.2,19,-374.3,TIME_EXIT
2026-06-29,15:15:05,LIBERTSHOE,270.0,272.93,185,542.05,TIME_EXIT
2026-06-29,15:15:05,CHOICEIN,750.6,745.45,66,-339.9,TIME_EXIT
2026-06-29,15:15:05,AEGISVOPAK,234.72,231.68,213,-647.52,TIME_EXIT
2026-06-29,15:15:05,MIDHANI,419.35,413.85,119,-654.5,TIME_EXIT
2026-06-29,15:15:06,KFINTECH,879.45,869.5,56,-557.2,TIME_EXIT
2026-06-29,15:15:06,SANSERA,3159.0,3140.0,15,-285.0,TIME_EXIT
2026-06-29,15:15:06,CMRGREEN,251.31,253.78,198,489.06,TIME_EXIT
2026-06-29,15:15:06,JINDALSTEL,1078.7,1065.1,46,-625.6,TIME_EXIT
2026-06-29,15:15:06,ACMESOLAR,367.55,380.2,136,1720.4,TIME_EXIT
2026-06-29,15:15:06,KPIGREEN,399.25,395.2,125,-506.25,TIME_EXIT
2026-06-29,15:15:07,ABSLAMC,1163.6,1191.9,42,1188.6,TIME_EXIT
2026-06-29,15:15:07,AEROFLEX,471.55,468.45,106,-328.6,TIME_EXIT
2026-06-29,15:15:07,COALINDIA,440.55,445.4,113,548.05,TIME_EXIT
2026-06-29,15:15:07,KARURVYSYA,296.1,298.0,168,319.2,TIME_EXIT
2026-06-29,15:15:07,PIDILITIND,1612.4,1599.1,31,-412.3,TIME_EXIT
2026-06-29,15:15:07,CSBBANK,328.9,328.65,152,-38.0,TIME_EXIT
2026-06-29,15:15:07,ZYDUSWELL,548.1,570.0,91,1992.9,TIME_EXIT
2026-06-29,15:15:07,WALCHANNAG,278.6,273.85,179,-850.25,TIME_EXIT
2026-06-29,15:15:07,MARICO,842.55,839.4,59,-185.85,TIME_EXIT
2026-06-29,15:15:08,JAINREC,350.55,342.5,142,-1143.1,TIME_EXIT
2026-06-29,15:15:07,AEQUS,233.75,239.44,213,1211.97,TIME_EXIT
2026-06-29,15:15:08,TRENT,3298.0,3260.5,15,-562.5,TIME_EXIT
2026-06-29,15:15:09,EVERESTIND,477.8,472.65,104,-535.6,TIME_EXIT
2026-06-29,15:15:10,COHANCE,460.7,450.4,108,-1112.4,TIME_EXIT
2026-06-29,15:15:09,RELAXO,412.25,416.65,121,532.4,TIME_EXIT
2026-06-29,15:15:10,VTL,638.65,629.95,120,-1044.0,TIME_EXIT
2026-06-29,15:15:11,TANLA,529.7,530.2,94,47.0,TIME_EXIT
2026-06-29,15:15:11,OPTIEMUS,476.35,470.95,104,-561.6,TIME_EXIT
2026-06-29,15:15:12,FEDERALBNK,326.7,324.3,153,-367.2,TIME_EXIT
2026-06-29,15:15:12,DREDGECORP,1081.5,1063.4,46,-832.6,TIME_EXIT
2026-06-29,15:15:12,SURYAROSNI,263.0,258.0,190,-950.0,TIME_EXIT
2026-06-29,15:15:13,NAUKRI,996.25,986.5,50,-487.5,TIME_EXIT
2026-06-29,15:15:13,CONCOR,471.0,470.8,110,-22.0,TIME_EXIT
2026-06-29,15:15:13,LAURUSLABS,1479.9,1505.1,33,831.6,TIME_EXIT
2026-06-29,15:15:14,HDFCBANK,804.3,798.75,62,-344.1,TIME_EXIT
2026-06-29,15:15:14,HSCL,679.0,674.95,73,-295.65,TIME_EXIT
2026-06-29,15:15:14,BAJAJCON,601.85,596.1,83,-477.25,TIME_EXIT
2026-06-29,15:15:14,INOXINDIA,1886.1,1866.9,26,-499.2,TIME_EXIT
2026-06-29,15:15:15,KAJARIACER,1208.5,1207.4,41,-45.1,TIME_EXIT
2026-06-29,15:15:15,CEIGALL,383.4,392.6,130,1196.0,TIME_EXIT
2026-06-29,15:15:16,MAXHEALTH,1150.0,1149.65,868,-303.8,TIME_EXIT
2026-06-29,15:15:16,PACEDIGITK,202.38,200.33,247,-506.35,TIME_EXIT
2026-06-29,15:15:17,APOLLO,396.55,406.55,126,1260.0,TIME_EXIT
2026-06-29,15:15:21,SHAKTIPUMP,587.55,590.6,85,259.25,TIME_EXIT
2026-06-29,15:15:22,RAYMONDREL,630.0,622.55,79,-588.55,TIME_EXIT
2026-06-29,15:15:23,MANCREDIT,239.01,240.6,209,332.31,TIME_EXIT
2026-06-29,15:15:22,GESHIP,1498.6,1528.5,33,986.7,TIME_EXIT
2026-06-29,15:15:23,THYROCARE,531.35,523.6,94,-728.5,TIME_EXIT
2026-06-29,15:15:31,EIEL,220.62,218.5,226,-479.12,TIME_EXIT
2026-06-29,15:15:32,GROWW,200.22,202.74,249,627.48,TIME_EXIT
2026-06-29,15:15:32,ASHAPURMIN,675.8,672.0,73,-277.4,TIME_EXIT
2026-06-29,15:15:35,MARINE,273.5,272.95,182,-100.1,TIME_EXIT
2026-06-29,15:15:36,BHEL,406.2,413.75,123,928.65,TIME_EXIT
2026-06-29,15:15:36,TALBROAUTO,417.9,416.55,119,-160.65,TIME_EXIT
2026-06-29,15:15:36,EMUDHRA,440.9,442.8,113,214.7,TIME_EXIT
2026-06-29,15:15:37,VENUSPIPES,1723.5,1710.6,29,-374.1,TIME_EXIT
2026-06-29,15:15:40,NUVAMA,1777.9,1768.8,40,-364.0,TIME_EXIT
2026-06-29,15:15:41,JNKINDIA,478.95,488.45,104,988.0,TIME_EXIT
2026-06-29,15:15:42,ITC,291.85,290.65,171,-205.2,TIME_EXIT
2026-06-29,15:15:43,BOROLTD,238.21,234.11,209,-856.9,TIME_EXIT
2026-06-29,15:15:46,NATIONALUM,340.4,347.7,146,1065.8,TIME_EXIT
2026-06-29,15:15:57,MARKSANS,264.9,263.0,188,-357.2,TIME_EXIT
2026-06-29,15:16:06,EMSLIMITED,416.15,413.0,120,-378.0,TIME_EXIT
2026-06-29,15:16:08,PANACEABIO,562.85,554.25,88,-756.8,TIME_EXIT
2026-06-29,15:16:09,NTPC,354.7,356.8,140,294.0,TIME_EXIT
2026-06-29,15:16:47,PARAGMILK,237.12,230.92,210,-1302.0,TIME_EXIT
2026-06-29,15:19:58,POKARNA,1085.0,1063.05,46,-1009.7,TIME_EXIT
2026-06-30,11:08:24,PDSL,353.55,368.0,141,2037.45,TARGET
2026-06-30,11:30:46,VENUSPIPES,1739.0,1693.0,28,-1288.0,STOPLOSS
2026-06-30,11:31:13,CEIGALL,401.5,392.5,124,-1116.0,STOPLOSS
2026-06-30,11:44:38,AEGISLOG,1167.95,1129.1,42,-1631.7,STOPLOSS
2026-06-30,11:45:18,EVERESTIND,483.2,520.75,103,3867.65,TARGET
2026-06-30,12:41:25,SUPRIYA,996.3,995.15,50,-57.5,STOPLOSS
2026-06-30,13:07:05,BERGEPAINT,525.9,514.55,95,-1078.25,STOPLOSS
2026-06-30,13:47:41,SOMANYCERA,521.65,539.0,95,1648.25,TARGET
2026-06-30,13:51:23,PNBHOUSING,1046.0,1031.0,47,-705.0,STOPLOSS
2026-06-30,13:55:11,COCHINSHIP,1450.4,1494.3,34,1492.6,TARGET
2026-06-30,14:00:52,RAMCOSYS,839.55,803.95,59,-2100.4,STOPLOSS
2026-06-30,14:20:27,TCIEXP,523.8,513.8,95,-950.0,STOPLOSS
2026-06-30,14:42:14,LUMAXTECH,1530.9,1530.2,32,-22.4,STOPLOSS
2026-06-30,15:00:11,M&M,3121.0,3077.9,16,-689.6,STOPLOSS
2026-06-30,15:00:14,POLICYBZR,1633.3,1632.1,30,-36.0,STOPLOSS
2026-06-30,15:01:51,LODHA,950.8,950.8,52,0.0,STOPLOSS
2026-06-30,15:05:09,VIJAYA,1350.9,1350.0,37,-33.3,STOPLOSS
2026-06-30,15:10:16,CAPACITE,261.41,253.01,191,-1604.4,STOPLOSS
2026-06-30,15:11:44,DREDGECORP,1088.8,1088.7,45,-4.5,STOPLOSS
2026-06-30,15:15:00,MOSCHIP,206.53,206.43,242,-24.2,TIME_EXIT
2026-06-30,15:15:00,JWL,270.4,268.15,184,-414.0,TIME_EXIT
2026-06-30,15:15:00,UNOMINDA,1100.8,1086.6,45,-639.0,TIME_EXIT
2026-06-30,15:15:00,PHOENIXLTD,1936.6,1950.4,25,345.0,TIME_EXIT
2026-06-30,15:15:00,CIPLA,1465.8,1465.0,34,-27.2,TIME_EXIT
2026-06-30,15:15:00,INDUSINDBK,929.0,927.35,53,-87.45,TIME_EXIT
2026-06-30,15:15:00,SONACOMS,620.2,620.4,80,16.0,TIME_EXIT
2026-06-30,15:15:00,SANDHAR,695.0,714.65,71,1395.15,TIME_EXIT
2026-06-30,15:15:00,TARIL,338.85,349.7,147,1594.95,TIME_EXIT
2026-06-30,15:15:00,NATCOPHARM,929.5,931.5,53,106.0,TIME_EXIT
2026-06-30,15:15:00,GENUSPOWER,298.0,297.95,167,-8.35,TIME_EXIT
2026-06-30,15:15:00,INDHOTEL,710.25,714.9,70,325.5,TIME_EXIT
2026-06-30,15:15:00,TEJASNET,625.05,614.0,79,-872.95,TIME_EXIT
2026-06-30,15:15:00,NESTLEIND,1411.0,1404.9,35,-213.5,TIME_EXIT
2026-06-30,15:15:00,EIEL,226.92,223.25,220,-807.4,TIME_EXIT
2026-06-30,15:15:00,TMPV,350.15,352.55,142,340.8,TIME_EXIT
2026-06-30,15:15:00,KPRMILL,1137.65,1169.3,43,1360.95,TIME_EXIT
2026-06-30,15:15:00,DLF,618.0,620.45,80,196.0,TIME_EXIT
2026-06-30,15:15:00,GOCOLORS,389.0,396.0,128,896.0,TIME_EXIT
2026-06-30,15:15:00,UNITDSPR,1349.4,1349.7,37,11.1,TIME_EXIT
2026-06-30,15:15:00,LICHSGFIN,565.05,565.05,88,0.0,TIME_EXIT
2026-06-30,15:15:00,ATHERENERG,1127.4,1141.25,44,609.4,TIME_EXIT
2026-06-30,15:15:00,HSCL,687.5,680.0,72,-540.0,TIME_EXIT
2026-06-30,15:15:00,AETHER,1349.7,1360.7,37,407.0,TIME_EXIT
2026-06-30,15:15:00,JBMA,696.2,697.0,71,56.8,TIME_EXIT
2026-06-30,15:15:00,STEELCAS,306.85,303.25,162,-583.2,TIME_EXIT
2026-06-30,15:15:01,BAJFINANCE,988.8,1006.15,50,867.5,TIME_EXIT
2026-06-30,15:15:01,CROMPTON,277.45,275.15,180,-414.0,TIME_EXIT
2026-06-30,15:15:01,RAMCOIND,344.3,339.7,145,-667.0,TIME_EXIT
2026-06-30,15:15:01,GVT&D,4986.0,4935.0,10,-510.0,TIME_EXIT
2026-06-30,15:15:01,KALYANKJIL,382.15,386.8,130,604.5,TIME_EXIT
2026-06-30,15:15:01,APOLLO,426.7,425.6,117,-128.7,TIME_EXIT
2026-06-30,15:15:01,NORTHARC,297.45,298.95,168,252.0,TIME_EXIT
2026-06-30,15:15:01,TANLA,547.85,529.9,91,-1633.45,TIME_EXIT
2026-06-30,15:15:01,VIYASH,272.4,278.05,183,1033.95,TIME_EXIT
2026-06-30,15:15:01,NEWGEN,474.35,471.55,105,-294.0,TIME_EXIT
2026-06-30,15:15:01,SEDEMAC,2789.4,2898.5,17,1854.7,TIME_EXIT
2026-06-30,15:15:01,ZENTEC,1756.7,1774.4,28,495.6,TIME_EXIT
2026-06-30,15:15:01,TVSELECT,513.5,512.55,97,-92.15,TIME_EXIT
2026-06-30,15:15:01,NACLIND,212.29,221.89,235,2256.0,TIME_EXIT
2026-06-30,15:15:01,CLEANMAX,1338.7,1363.9,37,932.4,TIME_EXIT
2026-06-30,15:15:01,JKTYRE,394.15,394.0,126,-18.9,TIME_EXIT
2026-06-30,15:15:01,TRENT,3292.2,3287.5,15,-70.5,TIME_EXIT
2026-06-30,15:15:01,OBEROIRLTY,1773.0,1767.5,28,-154.0,TIME_EXIT
2026-06-30,15:15:01,AUROPHARMA,1577.9,1577.5,31,-12.4,TIME_EXIT
2026-06-30,15:15:02,HYUNDAI,1913.6,1904.9,26,-226.2,TIME_EXIT
2026-06-30,15:15:02,GICRE,366.0,363.6,136,-326.4,TIME_EXIT
2026-06-30,15:15:02,DECNGOLD,202.34,198.0,247,-1071.98,TIME_EXIT
2026-06-30,15:15:01,RBLBANK,370.55,370.1,134,-60.3,TIME_EXIT
2026-06-30,15:15:02,BANDHANBNK,203.16,204.5,246,329.64,TIME_EXIT
2026-06-30,15:15:01,SUBROS,824.05,838.6,60,873.0,TIME_EXIT
2026-06-30,15:15:01,MANAPPURAM,318.3,324.45,157,965.55,TIME_EXIT
2026-06-30,15:15:01,M&MFIN,321.4,315.9,155,-852.5,TIME_EXIT
2026-06-30,15:15:02,BHARATFORG,2123.0,2141.6,23,427.8,TIME_EXIT
2026-06-30,15:15:02,HARSHA,424.15,420.3,117,-450.45,TIME_EXIT
2026-06-30,15:15:02,TVSMOTOR,3505.9,3458.2,14,-667.8,TIME_EXIT
2026-06-30,15:15:02,LENSKART,514.8,513.95,97,-82.45,TIME_EXIT
2026-06-30,15:15:02,BBOX,948.0,943.8,52,-218.4,TIME_EXIT
2026-06-30,15:15:02,FIRSTCRY,224.95,223.21,222,-386.28,TIME_EXIT
2026-06-30,15:15:02,ENDURANCE,2675.3,2675.8,18,9.0,TIME_EXIT
2026-06-30,15:15:02,AUBANK,1042.9,1038.0,47,-230.3,TIME_EXIT
2026-06-30,15:15:02,SUNDRMFAST,940.5,934.3,53,-328.6,TIME_EXIT
2026-06-30,15:15:03,BIOCON,417.7,418.85,119,136.85,TIME_EXIT
2026-06-30,15:15:02,JAINREC,353.1,348.8,141,-606.3,TIME_EXIT
2026-06-30,15:15:02,TENNIND,586.15,592.45,85,535.5,TIME_EXIT
2026-06-30,15:15:03,HAVELLS,1163.5,1161.5,42,-84.0,TIME_EXIT
2026-06-30,15:15:03,NYKAA,306.5,310.5,163,652.0,TIME_EXIT
2026-06-30,15:15:03,FDC,423.9,425.0,117,128.7,TIME_EXIT
2026-06-30,15:15:03,AADHARHFC,521.25,516.2,95,-479.75,TIME_EXIT
2026-06-30,15:15:03,GREAVESCOT,217.94,220.49,229,583.95,TIME_EXIT
2026-06-30,15:15:03,JASH,520.0,511.0,96,-864.0,TIME_EXIT
2026-06-30,15:15:03,SHILPAMED,591.0,597.1,84,512.4,TIME_EXIT
2026-06-30,15:15:03,STARHEALTH,590.7,588.55,84,-180.6,TIME_EXIT
2026-06-30,15:15:03,BDL,1378.0,1373.6,36,-158.4,TIME_EXIT
2026-06-30,15:15:04,HINDZINC,526.6,533.0,94,601.6,TIME_EXIT
2026-06-30,15:15:04,WELCORP,1521.8,1521.1,32,-22.4,TIME_EXIT
2026-06-30,15:15:04,NUVAMA,1807.0,1811.4,27,118.8,TIME_EXIT
2026-06-30,15:15:04,PREMIERENE,1051.0,1053.1,47,98.7,TIME_EXIT
2026-06-30,15:15:04,SYNGENE,441.25,439.8,113,-163.85,TIME_EXIT
2026-06-30,15:15:04,SKYGOLD,520.0,534.05,96,1348.8,TIME_EXIT
2026-06-30,15:15:05,ETERNAL,262.0,264.45,190,465.5,TIME_EXIT
2026-06-30,15:15:04,MARINE,282.0,283.5,177,265.5,TIME_EXIT
2026-06-30,15:15:05,FORTIS,962.55,956.3,51,-318.75,TIME_EXIT
2026-06-30,15:15:05,APLAPOLLO,1790.0,1790.9,27,24.3,TIME_EXIT
2026-06-30,15:15:05,GMDCLTD,586.05,583.45,85,-221.0,TIME_EXIT
2026-06-30,15:15:04,EXIDEIND,393.9,387.6,126,-793.8,TIME_EXIT
2026-06-30,15:15:04,APTUS,277.0,278.6,180,288.0,TIME_EXIT
2026-06-30,15:15:05,JUBLFOOD,421.1,418.15,118,-348.1,TIME_EXIT
2026-06-30,15:15:05,SATIN,241.42,245.73,207,892.17,TIME_EXIT
2026-06-30,15:15:05,MINDACORP,683.0,695.9,73,941.7,TIME_EXIT
2026-06-30,15:15:05,JNKINDIA,502.55,504.0,99,143.55,TIME_EXIT
2026-06-30,15:15:06,GNA,439.4,440.5,113,124.3,TIME_EXIT
2026-06-30,15:15:04,KISSHT,281.6,280.15,177,-256.65,TIME_EXIT
2026-06-30,15:15:06,APOLLOTYRE,430.3,430.05,116,-29.0,TIME_EXIT
2026-06-30,15:15:06,KAJARIACER,1214.7,1209.9,41,-196.8,TIME_EXIT
2026-06-30,15:15:06,SANSERA,3209.2,3192.5,15,-250.5,TIME_EXIT
2026-06-30,15:15:06,MSTCLTD,721.25,713.55,69,-531.3,TIME_EXIT
2026-06-30,15:15:06,CAMS,797.95,798.45,62,31.0,TIME_EXIT
2026-06-30,15:15:06,EMMVEE,338.85,342.6,147,551.25,TIME_EXIT
2026-06-30,15:15:07,PANACEABIO,561.0,563.45,89,218.05,TIME_EXIT
2026-06-30,15:15:07,RAMRAT,405.8,406.45,123,79.95,TIME_EXIT
2026-06-30,15:15:07,CAPILLARY,513.2,514.0,97,77.6,TIME_EXIT
2026-06-30,15:15:07,BLISSGVS,543.35,539.0,92,-400.2,TIME_EXIT
2026-06-30,15:15:07,HAL,4398.4,4380.2,11,-200.2,TIME_EXIT
2026-06-30,15:15:07,GLAND,2442.4,2489.7,20,946.0,TIME_EXIT
2026-06-30,15:15:07,HDBFS,753.85,753.1,66,-49.5,TIME_EXIT
2026-06-30,15:15:07,JINDALSAW,261.41,261.04,191,-70.67,TIME_EXIT
2026-06-30,15:15:08,AIIL,524.95,523.6,95,-128.25,TIME_EXIT
2026-06-30,15:15:07,HEG,523.0,516.6,95,-608.0,TIME_EXIT
2026-06-30,15:15:08,POONAWALLA,441.0,441.25,113,28.25,TIME_EXIT
2026-06-30,15:15:08,INOXINDIA,1965.9,1960.0,25,-147.5,TIME_EXIT
2026-06-30,15:15:08,EPACKPEB,244.5,242.75,204,-357.0,TIME_EXIT
2026-06-30,15:15:09,LTF,304.6,311.45,164,1123.4,TIME_EXIT
2026-06-30,15:15:09,HINDCOPPER,502.85,500.75,99,-207.9,TIME_EXIT
2026-06-30,15:15:09,IIFL,503.8,508.75,99,490.05,TIME_EXIT
2026-06-30,15:15:09,SPARC,236.45,234.78,211,-352.37,TIME_EXIT
2026-06-30,15:15:09,CARTRADE,2669.4,2699.9,18,549.0,TIME_EXIT
2026-06-30,15:15:09,HARIOMPIPE,395.4,402.9,126,945.0,TIME_EXIT
2026-06-30,15:15:10,SPANDANA,268.0,269.25,186,232.5,TIME_EXIT
2026-06-30,15:15:11,CUB,208.6,208.2,239,-95.6,TIME_EXIT
2026-06-30,15:15:11,PARAS,1253.9,1291.3,39,1458.6,TIME_EXIT
2026-06-30,15:15:11,ICIL,430.45,437.05,116,765.6,TIME_EXIT
2026-06-30,15:15:12,RAMCOCEM,931.1,930.0,53,-58.3,TIME_EXIT
2026-06-30,15:15:12,GOLDIAM,443.45,443.0,112,-50.4,TIME_EXIT
2026-06-30,15:15:12,NAZARA,307.0,304.0,162,-486.0,TIME_EXIT
2026-06-30,15:15:12,TRITURBINE,694.6,689.6,71,-355.0,TIME_EXIT
2026-06-30,15:15:13,HINDALCO,965.1,956.2,51,-453.9,TIME_EXIT
2026-06-30,15:15:13,PIIND,2577.5,2552.2,19,-480.7,TIME_EXIT
2026-06-30,15:15:12,LICI,436.0,431.45,114,-518.7,TIME_EXIT
2026-06-30,15:15:14,GRSE,2692.8,2728.2,18,637.2,TIME_EXIT
2026-06-30,15:15:14,RKFORGE,564.25,565.15,88,79.2,TIME_EXIT
2026-06-30,15:15:14,CREDITACC,1458.1,1490.0,34,1084.6,TIME_EXIT
2026-06-30,15:15:15,CMRGREEN,258.8,252.66,193,-1185.02,TIME_EXIT
2026-06-30,15:15:14,PROTEAN,598.45,592.05,83,-531.2,TIME_EXIT
2026-06-30,15:15:15,EBGNG,599.5,625.95,83,2195.35,TIME_EXIT
2026-06-30,15:15:14,HBLENGINE,800.6,809.5,62,551.8,TIME_EXIT
2026-06-30,15:15:14,PCBL,324.0,321.2,154,-431.2,TIME_EXIT
2026-06-30,15:15:15,ZYDUSWELL,574.0,575.4,87,121.8,TIME_EXIT
2026-06-30,15:15:16,LAURUSLABS,1508.5,1518.9,33,343.2,TIME_EXIT
2026-06-30,15:15:15,ABCAPITAL,394.7,392.6,126,-264.6,TIME_EXIT
2026-06-30,15:15:17,INDOTHAI,227.2,226.11,220,-239.8,TIME_EXIT
2026-06-30,15:15:17,PERSISTENT,4332.0,4327.0,11,-55.0,TIME_EXIT
2026-06-30,15:15:18,EUREKAFORB,454.5,458.35,110,423.5,TIME_EXIT
2026-06-30,15:15:18,SKIPPER,537.0,533.0,93,-372.0,TIME_EXIT
2026-06-30,15:15:20,ARVIND,583.9,590.95,85,599.25,TIME_EXIT
2026-06-30,15:15:20,WAAREERTL,1024.05,1018.0,48,-290.4,TIME_EXIT
2026-06-30,15:15:21,VIMTALABS,594.0,589.9,84,-344.4,TIME_EXIT
2026-06-30,15:15:22,OLECTRA,1495.8,1496.3,33,16.5,TIME_EXIT
2026-06-30,15:15:22,ZAGGLE,204.26,206.37,244,514.84,TIME_EXIT
2026-06-30,15:15:23,GOKEX,866.0,869.7,57,210.9,TIME_EXIT
2026-06-30,15:15:24,CGCL,220.99,228.98,226,1805.74,TIME_EXIT
2026-06-30,15:15:24,PRICOLLTD,598.4,601.75,83,278.05,TIME_EXIT
2026-06-30,15:15:27,PANAMAPET,410.0,419.1,121,1101.1,TIME_EXIT
2026-06-30,15:15:27,HIKAL,224.3,221.55,222,-610.5,TIME_EXIT
2026-06-30,15:15:28,PGIL,2010.6,2012.0,24,33.6,TIME_EXIT
2026-06-30,15:15:31,HONASA,451.75,457.6,110,643.5,TIME_EXIT
2026-06-30,15:15:33,GENESYS,328.0,321.5,152,-988.0,TIME_EXIT
2026-06-30,15:15:33,PRESTIGE,1568.1,1563.7,31,-136.4,TIME_EXIT
2026-06-30,15:15:43,AZAD,2015.9,2055.8,24,957.6,TIME_EXIT
2026-06-30,15:15:45,MANCREDIT,246.0,243.85,203,-436.45,TIME_EXIT
2026-06-30,15:15:45,TALBROAUTO,422.4,417.15,118,-619.5,TIME_EXIT
2026-06-30,15:15:51,OPTIEMUS,474.0,464.4,105,-1008.0,TIME_EXIT
2026-06-30,15:15:52,SHREEJISPG,491.3,491.25,101,-5.05,TIME_EXIT
2026-06-30,15:16:13,MUTHOOTMF,214.79,213.47,232,-306.24,TIME_EXIT
2026-06-30,15:16:15,20MICRONS,201.66,201.0,247,-163.02,TIME_EXIT
2026-06-30,15:16:29,SEIL,215.94,217.08,231,263.34,TIME_EXIT
2026-06-30,15:16:32,SIYSIL,643.15,638.95,77,-323.4,TIME_EXIT
2026-06-30,15:16:33,BALUFORGE,468.4,466.5,106,-201.4,TIME_EXIT
2026-07-01,11:34:47,UNIVCABLES,1271.8,1242.7,39,-1134.9,STOPLOSS
2026-07-01,11:57:10,TORNTPOWER,1427.8,1406.8,35,-735.0,STOPLOSS
2026-07-01,12:12:56,ACE,1036.3,1016.1,48,-969.6,STOPLOSS
2026-07-01,12:14:02,ENRIN,3759.8,3685.2,13,-969.8,STOPLOSS
2026-07-01,12:19:42,ADANIGREEN,1501.0,1545.1,33,1455.3,TARGET
2026-07-01,12:19:47,WELENT,613.2,610.45,81,-222.75,STOPLOSS
2026-07-01,12:28:42,UNOMINDA,1100.3,1078.6,45,-976.5,STOPLOSS
2026-07-01,12:43:58,HEROMOTOCO,4870.8,4804.9,10,-659.0,STOPLOSS
2026-07-01,12:55:40,FRACTAL,897.05,883.25,55,-759.0,STOPLOSS
2026-07-01,13:24:03,LTM,3601.0,3546.5,13,-708.5,STOPLOSS
2026-07-01,13:27:19,DELHIVERY,478.95,501.35,104,2329.6,TARGET
2026-07-01,14:34:11,MBAPL,572.2,541.55,87,-2666.55,STOPLOSS
2026-07-01,14:39:08,VARROC,648.05,631.6,77,-1266.65,STOPLOSS
2026-07-01,14:41:23,DREDGECORP,1132.1,1094.4,44,-1658.8,STOPLOSS
2026-07-01,14:50:44,NORTHARC,303.75,303.75,164,0.0,STOPLOSS
2026-07-01,14:55:50,SMSPHARMA,428.65,411.5,116,-1989.4,STOPLOSS
2026-07-01,15:14:11,RML,1201.5,1201.1,41,-16.4,STOPLOSS
2026-07-01,15:15:00,HINDUNILVR,2170.3,2181.0,23,246.1,TIME_EXIT
2026-07-01,15:15:00,JUBLFOOD,423.45,421.65,118,-212.4,TIME_EXIT
2026-07-01,15:15:00,SIS,422.85,420.95,118,-224.2,TIME_EXIT
2026-07-01,15:15:00,SHREEJISPG,494.5,499.5,101,505.0,TIME_EXIT
2026-07-01,15:15:00,ADANIENSOL,1497.7,1520.3,33,745.8,TIME_EXIT
2026-07-01,15:15:00,GODREJCP,1036.9,1044.3,48,355.2,TIME_EXIT
2026-07-01,15:15:00,VIYASH,286.25,287.8,174,269.7,TIME_EXIT
2026-07-01,15:15:00,SSWL,237.78,246.41,210,1812.3,TIME_EXIT
2026-07-01,15:15:00,PHOENIXLTD,1983.0,2019.7,25,917.5,TIME_EXIT
2026-07-01,15:15:00,LODHA,973.2,994.05,51,1063.35,TIME_EXIT
2026-07-01,15:15:00,POCL,1391.3,1373.0,35,-640.5,TIME_EXIT
2026-07-01,15:15:00,AXISBANK,1365.7,1369.0,36,118.8,TIME_EXIT
2026-07-01,15:15:00,IMFA,1298.4,1321.1,38,862.6,TIME_EXIT
2026-07-01,15:15:01,SHRIRAMFIN,1057.5,1048.6,47,-418.3,TIME_EXIT
2026-07-01,15:15:01,M&M,3162.5,3129.9,15,-489.0,TIME_EXIT
2026-07-01,15:15:01,CMPDI,256.33,264.91,195,1673.1,TIME_EXIT
2026-07-01,15:15:01,PRESTIGE,1594.7,1625.6,31,957.9,TIME_EXIT
2026-07-01,15:15:01,HEXT,541.9,550.45,92,786.6,TIME_EXIT
2026-07-01,15:15:01,BHEL,419.0,413.25,119,-684.25,TIME_EXIT
2026-07-01,15:15:01,MIDHANI,424.0,422.75,117,-146.25,TIME_EXIT
2026-07-01,15:15:01,COLPAL,2033.0,2070.9,24,909.6,TIME_EXIT
2026-07-01,15:15:02,RELAXO,407.15,411.55,122,536.8,TIME_EXIT
2026-07-01,15:15:02,BAJAJFINSV,1769.1,1796.8,28,775.6,TIME_EXIT
2026-07-01,15:15:01,JSFB,472.45,470.0,105,-257.25,TIME_EXIT
2026-07-01,15:15:02,PGEL,548.0,548.9,91,81.9,TIME_EXIT
2026-07-01,15:15:02,MOBIKWIK,204.16,207.01,244,695.4,TIME_EXIT
2026-07-01,15:15:02,BANCOINDIA,683.0,670.75,73,-894.25,TIME_EXIT
2026-07-01,15:15:02,CARTRADE,2829.3,2828.1,17,-20.4,TIME_EXIT
2026-07-01,15:15:02,NAM-INDIA,1178.6,1195.8,42,722.4,TIME_EXIT
2026-07-01,15:15:02,ANGELONE,332.8,340.15,150,1102.5,TIME_EXIT
2026-07-01,15:15:02,GENUSPOWER,313.35,307.85,159,-874.5,TIME_EXIT
2026-07-01,15:15:02,ADVENZYMES,316.25,314.5,158,-276.5,TIME_EXIT
2026-07-01,15:15:02,GPIL,258.5,254.7,193,-733.4,TIME_EXIT
2026-07-01,15:15:03,PFC,429.4,430.55,116,133.4,TIME_EXIT
2026-07-01,15:15:02,DABUR,435.9,444.3,114,957.6,TIME_EXIT
2026-07-01,15:15:03,TATACONSUM,1087.3,1090.8,45,157.5,TIME_EXIT
2026-07-01,15:15:02,MARICO,851.5,851.3,58,-11.6,TIME_EXIT
2026-07-01,15:15:02,METROBRAND,1026.3,1023.6,48,-129.6,TIME_EXIT
2026-07-01,15:15:03,NAUKRI,994.95,992.7,50,-112.5,TIME_EXIT
2026-07-01,15:15:03,EPACK,244.95,238.16,204,-1385.16,TIME_EXIT
2026-07-01,15:15:04,HBLENGINE,831.05,821.75,60,-558.0,TIME_EXIT
2026-07-01,15:15:03,HDBFS,758.7,752.2,65,-422.5,TIME_EXIT
2026-07-01,15:15:04,ENGINERSIN,244.14,237.9,204,-1272.96,TIME_EXIT
2026-07-01,15:15:04,MSTCLTD,713.0,717.45,70,311.5,TIME_EXIT
2026-07-01,15:15:04,VENUSPIPES,1768.5,1807.0,28,1078.0,TIME_EXIT
2026-07-01,15:15:04,CONCOR,479.9,480.45,104,57.2,TIME_EXIT
2026-07-01,15:15:04,HONASA,463.85,465.6,107,187.25,TIME_EXIT
2026-07-01,15:15:05,NESTLEIND,1444.7,1453.7,34,306.0,TIME_EXIT
2026-07-01,15:15:04,BLUESTONE,570.7,570.0,87,-60.9,TIME_EXIT
2026-07-01,15:15:05,BSE,3929.0,3948.3,12,231.6,TIME_EXIT
2026-07-01,15:15:06,JKTYRE,400.95,396.9,124,-502.2,TIME_EXIT
2026-07-01,15:15:06,CDSL,1335.5,1330.4,37,-188.7,TIME_EXIT
2026-07-01,15:15:06,ANURAS,1282.5,1268.9,38,-516.8,TIME_EXIT
2026-07-01,15:15:06,SKMEGGPROD,304.0,316.75,164,2091.0,TIME_EXIT
2026-07-01,15:15:06,BANSALWIRE,356.0,354.35,140,-231.0,TIME_EXIT
2026-07-01,15:15:06,ATGL,738.05,734.6,67,-231.15,TIME_EXIT
2026-07-01,15:15:06,CEMPRO,1332.9,1363.6,37,1135.9,TIME_EXIT
2026-07-01,15:15:06,CRAMC,252.65,250.0,197,-522.05,TIME_EXIT
2026-07-01,15:15:08,RPTECH,790.0,788.95,63,-66.15,TIME_EXIT
2026-07-01,15:15:08,BAJFINANCE,1014.0,1016.5,49,122.5,TIME_EXIT
2026-07-01,15:15:07,GRSE,2739.5,2740.6,18,19.8,TIME_EXIT
2026-07-01,15:15:08,GLOBUSSPR,912.35,919.45,54,383.4,TIME_EXIT
2026-07-01,15:15:08,NATIONALUM,340.65,334.45,146,-905.2,TIME_EXIT
2026-07-01,15:15:08,FSL,237.38,230.04,210,-1541.4,TIME_EXIT
2026-07-01,15:15:09,UTIAMC,950.35,944.7,52,-293.8,TIME_EXIT
2026-07-01,15:15:09,BORORENEW,622.3,612.8,80,-760.0,TIME_EXIT
2026-07-01,15:15:09,HAVELLS,1198.1,1190.4,41,-315.7,TIME_EXIT
2026-07-01,15:15:10,FEDERALBNK,330.05,330.9,151,128.35,TIME_EXIT
2026-07-01,15:15:10,SYRMA,1426.3,1423.0,35,-115.5,TIME_EXIT
2026-07-01,15:15:10,JINDALPHOT,1235.0,1201.6,40,-1336.0,TIME_EXIT
2026-07-01,15:15:10,SHRINGARMS,223.32,224.17,223,189.55,TIME_EXIT
2026-07-01,15:15:10,GRASIM,3116.1,3140.6,16,392.0,TIME_EXIT
2026-07-01,15:15:11,LLOYDSME,1828.4,1812.6,27,-426.6,TIME_EXIT
2026-07-01,15:15:12,ITI,304.0,301.6,164,-393.6,TIME_EXIT
2026-07-01,15:15:11,EMAMILTD,413.9,414.6,120,84.0,TIME_EXIT
2026-07-01,15:15:12,PAYTM,1178.0,1202.7,42,1037.4,TIME_EXIT
2026-07-01,15:15:12,SWSOLAR,248.7,248.08,201,-124.62,TIME_EXIT
2026-07-01,15:15:14,IGIL,362.35,358.1,137,-582.25,TIME_EXIT
2026-07-01,15:15:14,TRANSRAILL,520.25,516.9,96,-321.6,TIME_EXIT
2026-07-01,15:15:14,AWFIS,310.5,311.0,161,80.5,TIME_EXIT
2026-07-01,15:15:15,WEWORK,714.2,721.4,70,504.0,TIME_EXIT
2026-07-01,15:15:15,QUESS,275.4,273.6,181,-325.8,TIME_EXIT
2026-07-01,15:15:16,OMNI,560.35,572.3,89,1063.55,TIME_EXIT
2026-07-01,15:15:16,SHRIPISTON,4323.5,4377.6,11,595.1,TIME_EXIT
2026-07-01,15:15:16,GANECOS,917.35,919.75,54,129.6,TIME_EXIT
2026-07-01,15:15:17,RUSTOMJEE,419.55,433.05,119,1606.5,TIME_EXIT
2026-07-01,15:15:18,HUDCO,211.6,208.92,236,-632.48,TIME_EXIT
2026-07-01,15:15:20,E2E,405.2,401.7,123,-430.5,TIME_EXIT
2026-07-01,15:15:23,SUMICHEM,437.6,435.15,114,-279.3,TIME_EXIT
2026-07-01,15:15:25,TALBROAUTO,425.6,425.8,117,23.4,TIME_EXIT
2026-07-01,15:15:27,BAJAJCON,625.95,616.05,79,-782.1,TIME_EXIT
2026-07-01,15:15:27,PIIND,2587.8,2577.3,19,-199.5,TIME_EXIT
2026-07-01,15:15:29,ACMESOLAR,392.3,390.8,127,-190.5,TIME_EXIT
2026-07-01,15:15:29,SKIPPER,542.4,558.45,92,1476.6,TIME_EXIT
2026-07-01,15:15:30,SPANDANA,272.9,278.65,183,1052.25,TIME_EXIT
2026-07-01,15:15:32,BALAMINES,2087.6,2095.4,23,179.4,TIME_EXIT
2026-07-01,15:15:33,REFEX,362.45,356.8,137,-774.05,TIME_EXIT
2026-07-01,15:15:34,PACEDIGITK,213.85,208.98,233,-1134.71,TIME_EXIT
2026-07-01,15:15:35,KIRLPNU,2016.1,2005.9,24,-244.8,TIME_EXIT
2026-07-01,15:15:39,SPARC,240.3,237.82,208,-515.84,TIME_EXIT
2026-07-01,15:15:40,SUNTECK,317.25,326.55,157,1460.1,TIME_EXIT
2026-07-01,15:15:46,PRAJIND,363.2,362.6,137,-82.2,TIME_EXIT
2026-07-01,15:15:48,KRISHANA,696.75,696.7,71,-3.55,TIME_EXIT
2026-07-01,15:15:55,BATAINDIA,693.25,682.3,72,-788.4,TIME_EXIT
2026-07-01,15:15:59,SPAL,1154.7,1128.7,43,-1118.0,TIME_EXIT
2026-07-01,15:16:31,EVERESTIND,525.35,525.6,95,23.75,TIME_EXIT
2026-07-02,12:04:20,INDIAGLYCO,1051.6,1026.05,47,-1200.85,STOPLOSS
2026-07-02,12:57:27,MOTILALOFS,968.45,951.7,51,-854.25,STOPLOSS
2026-07-02,13:13:20,JSLL,598.65,581.85,83,-1394.4,STOPLOSS
2026-07-02,13:43:25,GREAVESCOT,226.0,239.17,221,2910.57,TARGET
2026-07-02,14:30:48,MCX,2995.4,2932.5,16,-1006.4,STOPLOSS
2026-07-02,14:32:02,QPOWER,1205.0,1165.0,41,-1640.0,STOPLOSS
2026-07-02,14:35:47,IMFA,1340.0,1336.0,37,-148.0,STOPLOSS
2026-07-02,15:08:36,AWL,188.9,180.25,264,-2283.6,STOPLOSS
2026-07-02,15:10:30,WABAG,2104.5,2187.7,23,1913.6,TARGET
2026-07-02,15:15:00,TRIVENI,452.75,471.45,110,2057.0,TIME_EXIT
2026-07-02,15:15:00,SBICARD,608.0,605.15,82,-233.7,TIME_EXIT
2026-07-02,15:15:00,LALPATHLAB,1648.9,1652.6,30,111.0,TIME_EXIT
2026-07-02,15:15:00,BALKRISIND,2223.6,2230.4,22,149.6,TIME_EXIT
2026-07-02,15:15:00,TITAN,4453.5,4485.0,11,346.5,TIME_EXIT
2026-07-02,15:15:00,MPHASIS,2231.0,2247.0,22,352.0,TIME_EXIT
2026-07-02,15:15:00,JBCHEPHARM,2317.3,2318.6,21,27.3,TIME_EXIT
2026-07-02,15:15:00,BORORENEW,620.0,621.95,80,156.0,TIME_EXIT
2026-07-02,15:15:00,HINDPETRO,403.0,399.7,124,-409.2,TIME_EXIT
2026-07-02,15:15:00,RADICO,3963.7,3973.0,12,111.6,TIME_EXIT
2026-07-02,15:15:00,LTTS,3161.2,3170.9,15,145.5,TIME_EXIT
2026-07-02,15:15:00,METROPOLIS,549.1,543.8,91,-482.3,TIME_EXIT
2026-07-02,15:15:00,DATAPATTNS,4628.0,4660.4,10,324.0,TIME_EXIT
2026-07-02,15:15:00,INFY,1038.3,1040.2,48,91.2,TIME_EXIT
2026-07-02,15:15:00,HSCL,655.45,663.55,76,615.6,TIME_EXIT
2026-07-02,15:15:00,IIFL,512.1,518.35,97,606.25,TIME_EXIT
2026-07-02,15:15:00,SRF,2781.9,2798.1,17,275.4,TIME_EXIT
2026-07-02,15:15:00,PGEL,564.45,560.1,88,-382.8,TIME_EXIT
2026-07-02,15:15:00,ANANTRAJ,526.15,536.55,95,988.0,TIME_EXIT
2026-07-02,15:15:00,NAVA,618.8,619.9,80,88.0,TIME_EXIT
2026-07-02,15:15:00,COCHINSHIP,1521.0,1520.0,32,-32.0,TIME_EXIT
2026-07-02,15:15:00,MANORAMA,1591.0,1578.8,31,-378.2,TIME_EXIT
2026-07-02,15:15:00,COFORGE,1447.8,1442.5,34,-180.2,TIME_EXIT
2026-07-02,15:15:00,ARVIND,562.75,568.6,88,514.8,TIME_EXIT
2026-07-02,15:15:00,CORONA,2017.0,2010.0,24,-168.0,TIME_EXIT
2026-07-02,15:15:00,SHAKTIPUMP,576.0,574.0,86,-172.0,TIME_EXIT
2026-07-02,15:15:00,SUMICHEM,441.4,441.6,113,22.6,TIME_EXIT
2026-07-02,15:15:00,LTFOODS,381.8,379.5,130,-299.0,TIME_EXIT
2026-07-02,15:15:00,CANHLIFE,141.44,141.54,353,35.3,TIME_EXIT
2026-07-02,15:15:01,HEXT,556.95,555.1,89,-164.65,TIME_EXIT
2026-07-02,15:15:00,AURIONPRO,887.45,887.15,56,-16.8,TIME_EXIT
2026-07-02,15:15:01,PARAS,1324.0,1345.1,37,780.7,TIME_EXIT
2026-07-02,15:15:00,BSOFT,285.15,281.15,175,-700.0,TIME_EXIT
2026-07-02,15:15:01,ADANIENSOL,1549.1,1558.8,32,310.4,TIME_EXIT
2026-07-02,15:15:01,NYKAA,312.3,313.95,160,264.0,TIME_EXIT
2026-07-02,15:15:00,TATATECH,708.9,711.95,70,213.5,TIME_EXIT
2026-07-02,15:15:00,IPCALAB,1717.2,1719.7,29,72.5,TIME_EXIT
2026-07-02,15:15:00,GODREJCP,1060.9,1078.0,47,803.7,TIME_EXIT
2026-07-02,15:15:01,PINELABS,158.75,159.58,314,260.62,TIME_EXIT
2026-07-02,15:15:01,TECHM,1402.0,1420.4,35,644.0,TIME_EXIT
2026-07-02,15:15:01,WELENT,618.15,613.6,80,-364.0,TIME_EXIT
2026-07-02,15:15:01,TATACOMM,1927.0,1937.2,25,255.0,TIME_EXIT
2026-07-02,15:15:01,DEEPAKFERT,1633.4,1668.0,30,1038.0,TIME_EXIT
2026-07-02,15:15:01,BPCL,311.75,310.5,160,-200.0,TIME_EXIT
2026-07-02,15:15:01,COROMANDEL,2009.7,2003.9,24,-139.2,TIME_EXIT
2026-07-02,15:15:01,BALAMINES,2213.0,2251.0,22,836.0,TIME_EXIT
2026-07-02,15:15:01,ACUTAAS,3679.0,3684.1,13,66.3,TIME_EXIT
2026-07-02,15:15:01,TANLA,533.9,533.45,93,-41.85,TIME_EXIT
2026-07-02,15:15:01,TIMETECHNO,183.89,183.48,271,-111.11,TIME_EXIT
2026-07-02,15:15:02,ASHAPURMIN,659.2,663.8,75,345.0,TIME_EXIT
2026-07-02,15:15:01,TARIL,361.85,357.0,138,-669.3,TIME_EXIT
2026-07-02,15:15:01,TVSMOTOR,3601.0,3623.9,13,297.7,TIME_EXIT
2026-07-02,15:15:02,HAPPSTMNDS,351.15,351.95,142,113.6,TIME_EXIT
2026-07-02,15:15:02,JUBLFOOD,430.85,431.7,116,98.6,TIME_EXIT
2026-07-02,15:15:02,ACI,523.5,530.8,95,693.5,TIME_EXIT
2026-07-02,15:15:02,VMM,121.63,121.35,411,-115.08,TIME_EXIT
2026-07-02,15:15:02,OBEROIRLTY,1838.2,1863.8,27,691.2,TIME_EXIT
2026-07-02,15:15:01,INDIACEM,383.0,383.35,130,45.5,TIME_EXIT
2026-07-02,15:15:02,RUBICON,1389.6,1374.3,35,-535.5,TIME_EXIT
2026-07-02,15:15:02,PERSISTENT,4534.8,4582.0,11,519.2,TIME_EXIT
2026-07-02,15:15:02,OIL,420.3,420.1,118,-23.6,TIME_EXIT
2026-07-02,15:15:02,AIIL,523.8,522.75,95,-99.75,TIME_EXIT
2026-07-02,15:15:02,VTL,651.65,658.05,76,486.4,TIME_EXIT
2026-07-02,15:15:03,TATACONSUM,1104.9,1108.0,45,139.5,TIME_EXIT
2026-07-02,15:15:02,LTM,3681.2,3676.6,13,-59.8,TIME_EXIT
2026-07-02,15:15:02,M&MFIN,319.5,317.8,156,-265.2,TIME_EXIT
2026-07-02,15:15:03,ATHERENERG,1151.5,1142.1,43,-404.2,TIME_EXIT
2026-07-02,15:15:02,JAMNAAUTO,139.25,139.29,359,14.36,TIME_EXIT
2026-07-02,15:15:03,DRREDDY,1346.0,1347.7,37,62.9,TIME_EXIT
2026-07-02,15:15:03,TRANSRAILL,522.0,522.65,95,61.75,TIME_EXIT
2026-07-02,15:15:03,OLECTRA,1538.0,1538.9,32,28.8,TIME_EXIT
2026-07-02,15:15:03,ABSLAMC,1169.9,1192.4,42,945.0,TIME_EXIT
2026-07-02,15:15:03,NATCOPHARM,934.9,935.35,53,23.85,TIME_EXIT
2026-07-02,15:15:03,RHIM,421.8,409.2,118,-1486.8,TIME_EXIT
2026-07-02,15:15:03,ECLERX,1418.7,1394.3,35,-854.0,TIME_EXIT
2026-07-02,15:15:03,KSCL,901.05,913.2,55,668.25,TIME_EXIT
2026-07-02,15:15:03,HOMEFIRST,1201.9,1200.1,41,-73.8,TIME_EXIT
2026-07-02,15:15:04,GRANULES,821.3,825.95,60,279.0,TIME_EXIT
2026-07-02,15:15:03,AKUMS,638.45,636.9,78,-120.9,TIME_EXIT
2026-07-02,15:15:03,INTELLECT,754.65,753.1,66,-102.3,TIME_EXIT
2026-07-02,15:15:03,ZYDUSWELL,584.5,593.65,85,777.75,TIME_EXIT
2026-07-02,15:15:04,AUBANK,1066.0,1058.1,46,-363.4,TIME_EXIT
2026-07-02,15:15:04,LODHA,1009.0,1006.65,49,-115.15,TIME_EXIT
2026-07-02,15:15:04,APOLLO,429.0,437.9,116,1032.4,TIME_EXIT
2026-07-02,15:15:03,VIKRAMSOLR,193.65,193.37,258,-72.24,TIME_EXIT
2026-07-02,15:15:04,HCG,646.95,648.05,77,84.7,TIME_EXIT
2026-07-02,15:15:05,TMCV,441.8,440.65,113,-129.95,TIME_EXIT
2026-07-02,15:15:05,CREDITACC,1526.1,1546.3,32,646.4,TIME_EXIT
2026-07-02,15:15:04,VIPIND,309.1,315.25,161,990.15,TIME_EXIT
2026-07-02,15:15:05,EMCURE,1850.0,1854.1,27,110.7,TIME_EXIT
2026-07-02,15:15:05,HEG,525.25,521.6,95,-346.75,TIME_EXIT
2026-07-02,15:15:05,LAURUSLABS,1505.0,1526.2,33,699.6,TIME_EXIT
2026-07-02,15:15:05,MINDACORP,711.05,710.4,70,-45.5,TIME_EXIT
2026-07-02,15:15:06,JUBLINGREA,656.3,670.55,76,1083.0,TIME_EXIT
2026-07-02,15:15:06,ORIENTCEM,136.5,136.52,366,7.32,TIME_EXIT
2026-07-02,15:15:06,TRENT,3301.3,3317.0,15,235.5,TIME_EXIT
2026-07-02,15:15:05,SUBROS,845.0,847.85,59,168.15,TIME_EXIT
2026-07-02,15:15:05,DLF,655.5,658.25,76,209.0,TIME_EXIT
2026-07-02,15:15:06,PRIVISCL,3728.7,3752.6,13,310.7,TIME_EXIT
2026-07-02,15:15:07,IKS,1840.5,1829.7,27,-291.6,TIME_EXIT
2026-07-02,15:15:06,EIDPARRY,737.75,735.3,67,-164.15,TIME_EXIT
2026-07-02,15:15:07,MUTHOOTFIN,2977.3,2949.1,16,-451.2,TIME_EXIT
2026-07-02,15:15:06,CIEINDIA,466.6,473.45,107,732.95,TIME_EXIT
2026-07-02,15:15:06,BEML,1834.1,1863.0,27,780.3,TIME_EXIT
2026-07-02,15:15:07,DCBBANK,188.29,193.36,265,1343.55,TIME_EXIT
2026-07-02,15:15:07,BELRISE,240.9,238.64,207,-467.82,TIME_EXIT
2026-07-02,15:15:07,RKFORGE,572.2,574.8,87,226.2,TIME_EXIT
2026-07-02,15:15:07,VIYASH,294.95,292.6,169,-397.15,TIME_EXIT
2026-07-02,15:15:07,SCI,303.95,303.55,164,-65.6,TIME_EXIT
2026-07-02,15:15:07,SUNDARMFIN,4607.9,4578.3,10,-296.0,TIME_EXIT
2026-07-02,15:15:08,STAR,1117.4,1127.3,44,435.6,TIME_EXIT
2026-07-02,15:15:07,AADHARHFC,533.75,534.0,93,23.25,TIME_EXIT
2026-07-02,15:15:08,SYNGENE,440.5,439.9,113,-67.8,TIME_EXIT
2026-07-02,15:15:08,SOBHA,1438.9,1438.0,34,-30.6,TIME_EXIT
2026-07-02,15:15:08,ALKYLAMINE,1821.0,1836.7,27,423.9,TIME_EXIT
2026-07-02,15:15:08,VIJAYA,1385.9,1400.0,36,507.6,TIME_EXIT
2026-07-02,15:15:08,SANSERA,3213.7,3218.7,15,75.0,TIME_EXIT
2026-07-02,15:15:09,ARE&M,867.05,863.7,57,-190.95,TIME_EXIT
2026-07-02,15:15:09,MEESHO,191.01,190.84,261,-44.37,TIME_EXIT
2026-07-02,15:15:09,MASTEK,1620.2,1613.0,30,-216.0,TIME_EXIT
2026-07-02,15:15:09,ASTRAMICRO,1786.9,1796.5,27,259.2,TIME_EXIT
2026-07-02,15:15:10,HCLTECH,1079.2,1077.1,46,-96.6,TIME_EXIT
2026-07-02,15:15:09,BIKAJI,653.7,655.0,76,98.8,TIME_EXIT
2026-07-02,15:15:10,BANKINDIA,143.63,145.08,348,504.6,TIME_EXIT
2026-07-02,15:15:10,J&KBANK,162.71,164.9,307,672.33,TIME_EXIT
2026-07-02,15:15:10,CDSL,1350.7,1350.5,37,-7.4,TIME_EXIT
2026-07-02,15:15:10,LLOYDSME,1814.8,1814.0,27,-21.6,TIME_EXIT
2026-07-02,15:15:11,POONAWALLA,449.65,456.5,111,760.35,TIME_EXIT
2026-07-02,15:15:11,AVALON,1833.9,1804.0,27,-807.3,TIME_EXIT
2026-07-02,15:15:11,WAKEFIT,124.78,126.97,400,876.0,TIME_EXIT
2026-07-02,15:15:11,ELLEN,264.5,261.85,189,-500.85,TIME_EXIT
2026-07-02,15:15:12,ONGC,235.4,235.84,212,93.28,TIME_EXIT
2026-07-02,15:15:12,BAJFINANCE,1021.5,1018.0,48,-168.0,TIME_EXIT
2026-07-02,15:15:12,AXISCADES,1681.3,1684.4,29,89.9,TIME_EXIT
2026-07-02,15:15:12,SHAILY,2906.0,2932.4,17,448.8,TIME_EXIT
2026-07-02,15:15:12,NUVAMA,1813.9,1821.2,27,197.1,TIME_EXIT
2026-07-02,15:15:12,SARDAEN,501.7,501.35,99,-34.65,TIME_EXIT
2026-07-02,15:15:12,PRESTIGE,1667.2,1676.0,29,255.2,TIME_EXIT
2026-07-02,15:15:13,MANYAVAR,405.9,406.65,123,92.25,TIME_EXIT
2026-07-02,15:15:13,URBANCO,133.15,132.34,375,-303.75,TIME_EXIT
2026-07-02,15:15:13,PHOENIXLTD,2013.2,2010.0,24,-76.8,TIME_EXIT
2026-07-02,15:15:13,GESHIP,1431.9,1421.5,34,-353.6,TIME_EXIT
2026-07-02,15:15:13,JSL,690.5,692.6,72,151.2,TIME_EXIT
2026-07-02,15:15:15,TCS,2050.0,2067.8,24,427.2,TIME_EXIT
2026-07-02,15:15:15,BBOX,984.7,986.85,50,107.5,TIME_EXIT
2026-07-02,15:15:15,GLENMARK,2195.0,2198.0,22,66.0,TIME_EXIT
2026-07-02,15:15:15,JINDALSAW,261.25,262.95,191,324.7,TIME_EXIT
2026-07-02,15:15:16,JSFB,476.7,479.0,104,239.2,TIME_EXIT
2026-07-02,15:15:18,SCHNEIDER,1399.6,1454.1,35,1907.5,TIME_EXIT
2026-07-02,15:15:18,APTUS,293.7,288.45,170,-892.5,TIME_EXIT
2026-07-02,15:15:18,LXCHEM,160.05,162.59,312,792.48,TIME_EXIT
2026-07-02,15:15:18,EPL,231.53,230.81,215,-154.8,TIME_EXIT
2026-07-02,15:15:19,SAREGAMA,495.65,494.1,100,-155.0,TIME_EXIT
2026-07-02,15:15:19,BATAINDIA,697.4,697.55,71,10.65,TIME_EXIT
2026-07-02,15:15:18,SFL,751.45,762.85,66,752.4,TIME_EXIT
2026-07-02,15:15:19,ASAHIINDIA,879.1,889.9,56,604.8,TIME_EXIT
2026-07-02,15:15:19,SMLMAH,4025.0,4006.1,12,-226.8,TIME_EXIT
2026-07-02,15:15:19,AFCONS,312.2,314.25,160,328.0,TIME_EXIT
2026-07-02,15:15:20,EMIL,131.15,136.52,381,2045.97,TIME_EXIT
2026-07-02,15:15:21,NAUKRI,1033.95,1024.7,48,-444.0,TIME_EXIT
2026-07-02,15:15:22,CEATLTD,3778.0,3812.3,13,445.9,TIME_EXIT
2026-07-02,15:15:22,ENDURANCE,2604.0,2660.0,19,1064.0,TIME_EXIT
2026-07-02,15:15:22,WIPRO,173.97,174.08,287,31.57,TIME_EXIT
2026-07-02,15:15:23,SENCO,330.2,331.0,151,120.8,TIME_EXIT
2026-07-02,15:15:25,BLUEJET,574.4,568.35,87,-526.35,TIME_EXIT
2026-07-02,15:15:25,BLUESTONE,570.7,570.95,87,21.75,TIME_EXIT
2026-07-02,15:15:25,SIEMENS,3592.3,3585.7,13,-85.8,TIME_EXIT
2026-07-02,15:15:25,EIEL,226.5,228.0,220,330.0,TIME_EXIT
2026-07-02,15:15:26,BHARATFORG,2140.0,2150.5,23,241.5,TIME_EXIT
2026-07-02,15:15:26,INDIAMART,1891.3,1893.6,26,59.8,TIME_EXIT
2026-07-02,15:15:29,THYROCARE,554.85,557.35,90,225.0,TIME_EXIT
2026-07-02,15:15:30,MANAPPURAM,324.5,322.3,154,-338.8,TIME_EXIT
2026-07-02,15:15:30,ALIVUS,1171.3,1160.6,42,-449.4,TIME_EXIT
2026-07-02,15:15:31,ETHOSLTD,2482.0,2501.7,20,394.0,TIME_EXIT
2026-07-02,15:15:31,AARTIIND,481.75,482.2,103,46.35,TIME_EXIT
2026-07-02,15:15:32,CRAMC,255.55,255.29,195,-50.7,TIME_EXIT
2026-07-02,15:15:37,RATEGAIN,940.1,945.0,53,259.7,TIME_EXIT
2026-07-02,15:15:38,GRAPHITE,621.55,629.5,80,636.0,TIME_EXIT
2026-07-02,15:15:38,AZAD,2064.1,2074.2,24,242.4,TIME_EXIT
2026-07-02,15:15:39,TEGA,1695.0,1674.1,29,-606.1,TIME_EXIT
2026-07-02,15:15:40,AGARWALEYE,474.9,477.05,105,225.75,TIME_EXIT
2026-07-02,15:15:40,ADANIPORTS,1874.0,1884.0,26,260.0,TIME_EXIT
2026-07-02,15:15:42,IONEXCHANG,420.95,414.95,118,-708.0,TIME_EXIT
2026-07-02,15:15:47,WESTLIFE,510.0,507.05,98,-289.1,TIME_EXIT
2026-07-02,15:15:49,EUREKAFORB,470.2,481.2,106,1166.0,TIME_EXIT
2026-07-02,15:15:53,INDIAGLYCO,1047.7,1076.75,47,1365.35,TIME_EXIT
2026-07-02,15:16:00,UTLSOLAR,348.8,349.0,143,28.6,TIME_EXIT
2026-07-02,15:16:09,SUDEEPPHRM,855.0,851.4,58,-208.8,TIME_EXIT
2026-07-02,15:16:10,TORNTPHARM,4673.1,4656.6,10,-165.0,TIME_EXIT
2026-07-02,15:16:14,ICIL,439.45,440.5,113,118.65,TIME_EXIT
2026-07-02,15:16:14,RAYMONDLSL,782.5,781.05,63,-91.35,TIME_EXIT
2026-07-02,15:16:55,SAATVIKGL,456.95,453.0,109,-430.55,TIME_EXIT
2026-07-02,15:18:22,INDIASHLTR,780.1,771.95,64,-521.6,TIME_EXIT
2026-07-03,10:24:13,WEWORK,746.0,746.0,67,0.0,STOPLOSS
2026-07-03,11:01:35,ECLERX,1426.0,1479.8,35,1883.0,TARGET
2026-07-03,11:21:21,BDL,1419.6,1400.0,35,-686.0,STOPLOSS
2026-07-03,11:46:21,ZENTEC,1795.0,1759.0,27,-972.0,STOPLOSS
2026-07-03,11:48:50,LTTS,3239.4,3171.9,15,-1012.5,STOPLOSS
2026-07-03,11:56:23,AVL,652.0,638.45,76,-1029.8,STOPLOSS
2026-07-03,12:10:17,NUVAMA,1860.1,1928.7,26,1783.6,TARGET
2026-07-03,12:24:07,AETHER,1380.0,1351.0,36,-1044.0,STOPLOSS
2026-07-03,12:31:42,WOCKPHARMA,1976.0,1944.2,25,-795.0,STOPLOSS
2026-07-03,12:39:26,RATEGAIN,959.7,934.5,52,-1310.4,STOPLOSS
2026-07-03,12:40:22,BANCOINDIA,691.25,690.9,72,-25.2,STOPLOSS
2026-07-03,12:40:36,CGPOWER,916.45,888.6,54,-1503.9,STOPLOSS
2026-07-03,12:42:13,NAUKRI,1050.85,1034.5,47,-768.45,STOPLOSS
2026-07-03,12:53:49,RATNAMANI,2540.0,2482.6,19,-1090.6,STOPLOSS
2026-07-03,13:02:39,KALYANKJIL,395.15,387.75,126,-932.4,STOPLOSS
2026-07-03,13:18:16,AZAD,2096.4,2171.4,23,1725.0,TARGET
2026-07-03,13:43:51,MEDANTA,1360.7,1343.1,36,-633.6,STOPLOSS
2026-07-03,13:48:50,RAINBOW,1439.8,1420.0,34,-673.2,STOPLOSS
2026-07-03,13:49:24,AEGISLOG,1318.8,1317.3,37,-55.5,STOPLOSS
2026-07-03,13:56:26,ABREL,1454.0,1409.8,34,-1502.8,STOPLOSS
2026-07-03,14:14:23,YATHARTH,871.5,854.85,57,-949.05,STOPLOSS
2026-07-03,14:21:58,SKYGOLD,576.2,560.05,86,-1388.9,STOPLOSS
2026-07-03,14:23:34,MASTEK,1645.0,1623.1,30,-657.0,STOPLOSS
2026-07-03,14:37:58,VIPIND,316.85,309.5,157,-1153.95,STOPLOSS
2026-07-03,14:59:25,ONESOURCE,1720.0,1667.5,29,-1522.5,STOPLOSS
2026-07-03,14:59:33,UNOMINDA,1146.5,1124.4,43,-950.3,STOPLOSS
2026-07-03,15:11:49,MEESHO,193.2,186.88,258,-1630.56,STOPLOSS
2026-07-03,15:12:55,TRITURBINE,670.9,658.15,74,-943.5,STOPLOSS
2026-07-03,15:15:00,ZENSARTECH,500.8,518.0,99,1702.8,TIME_EXIT
2026-07-03,15:15:00,TSFINV,457.2,455.0,109,-239.8,TIME_EXIT
2026-07-03,15:15:00,HYUNDAI,1982.2,1995.0,25,320.0,TIME_EXIT
2026-07-03,15:15:00,JAINREC,363.05,363.85,137,109.6,TIME_EXIT
2026-07-03,15:15:00,MPHASIS,2323.0,2295.5,21,-577.5,TIME_EXIT
2026-07-03,15:15:00,LODHA,1046.1,1056.15,47,472.35,TIME_EXIT
2026-07-03,15:15:00,RBLBANK,360.65,361.35,138,96.6,TIME_EXIT
2026-07-03,15:15:00,IKS,1867.0,1862.2,26,-124.8,TIME_EXIT
2026-07-03,15:15:00,MAPMYINDIA,933.15,937.05,53,206.7,TIME_EXIT
2026-07-03,15:15:00,GRASIM,3207.4,3180.0,15,-411.0,TIME_EXIT
2026-07-03,15:15:00,PHOENIXLTD,2041.7,2043.1,24,33.6,TIME_EXIT
2026-07-03,15:15:00,BANKINDIA,146.86,144.14,340,-924.8,TIME_EXIT
2026-07-03,15:15:00,AUROPHARMA,1598.1,1620.0,31,678.9,TIME_EXIT
2026-07-03,15:15:00,PNBHOUSING,1078.8,1064.5,46,-657.8,TIME_EXIT
2026-07-03,15:15:00,VIYASH,295.25,293.7,169,-261.95,TIME_EXIT
2026-07-03,15:15:00,POONAWALLA,465.9,458.15,107,-829.25,TIME_EXIT
2026-07-03,15:15:00,MUTHOOTFIN,3079.6,3057.7,16,-350.4,TIME_EXIT
2026-07-03,15:15:00,JSWDULUX,3289.9,3275.5,15,-216.0,TIME_EXIT
2026-07-03,15:15:01,ACC,1376.7,1393.2,36,594.0,TIME_EXIT
2026-07-03,15:15:00,JMFINANCIL,132.61,130.68,377,-727.61,TIME_EXIT
2026-07-03,15:15:00,STLTECH,553.9,582.1,90,2538.0,TIME_EXIT
2026-07-03,15:15:01,ADANIENT,3193.0,3210.5,15,262.5,TIME_EXIT
2026-07-03,15:15:01,GODFRYPHLP,2187.6,2170.4,22,-378.4,TIME_EXIT
2026-07-03,15:15:01,AEQUS,235.7,235.89,212,40.28,TIME_EXIT
2026-07-03,15:15:01,CHOICEIN,802.5,799.6,62,-179.8,TIME_EXIT
2026-07-03,15:15:01,HFCL,210.78,214.81,237,955.11,TIME_EXIT
2026-07-03,15:15:01,AADHARHFC,546.6,555.75,91,832.65,TIME_EXIT
2026-07-03,15:15:01,CUB,219.44,216.9,227,-576.58,TIME_EXIT
2026-07-03,15:15:01,KIMS,852.7,851.3,58,-81.2,TIME_EXIT
2026-07-03,15:15:02,SOBHA,1453.8,1435.6,34,-618.8,TIME_EXIT
2026-07-03,15:15:01,JINDALSTEL,1071.1,1054.0,46,-786.6,TIME_EXIT
2026-07-03,15:15:02,OBEROIRLTY,1902.8,1936.5,26,876.2,TIME_EXIT
2026-07-03,15:15:01,EIEL,241.15,234.91,207,-1291.68,TIME_EXIT
2026-07-03,15:15:02,ANANTRAJ,543.2,554.75,92,1062.6,TIME_EXIT
2026-07-03,15:15:02,CEATLTD,3840.2,3802.9,13,-484.9,TIME_EXIT
2026-07-03,15:15:02,ADVENZYMES,324.9,315.5,153,-1438.2,TIME_EXIT
2026-07-03,15:15:02,OIL,424.8,422.65,117,-251.55,TIME_EXIT
2026-07-03,15:15:02,PRUDENT,3010.5,3005.5,16,-80.0,TIME_EXIT
2026-07-03,15:15:03,ASTRAL,1375.0,1384.1,36,327.6,TIME_EXIT
2026-07-03,15:15:02,SANSERA,3250.0,3250.0,15,0.0,TIME_EXIT
2026-07-03,15:15:02,GMRAIRPORT,113.37,112.76,441,-269.01,TIME_EXIT
2026-07-03,15:15:02,CGCL,231.1,233.64,216,548.64,TIME_EXIT
2026-07-03,15:15:03,INDHOTEL,731.4,728.8,68,-176.8,TIME_EXIT
2026-07-03,15:15:03,CANFINHOME,906.4,899.45,55,-382.25,TIME_EXIT
2026-07-03,15:15:03,LTF,324.2,326.65,154,377.3,TIME_EXIT
2026-07-03,15:15:03,MSTCLTD,707.0,714.5,70,525.0,TIME_EXIT
2026-07-03,15:15:03,CENTURYPLY,765.0,768.55,65,230.75,TIME_EXIT
2026-07-03,15:15:03,CORONA,2061.8,2039.9,24,-525.6,TIME_EXIT
2026-07-03,15:15:03,ORIENTCEM,139.02,142.64,359,1299.58,TIME_EXIT
2026-07-03,15:15:03,SFL,769.0,764.8,65,-273.0,TIME_EXIT
2026-07-03,15:15:03,ABCAPITAL,402.4,401.55,124,-105.4,TIME_EXIT
2026-07-03,15:15:04,M&MFIN,330.45,333.2,151,415.25,TIME_EXIT
2026-07-03,15:15:04,360ONE,1094.3,1109.8,45,697.5,TIME_EXIT
2026-07-03,15:15:03,INDIACEM,386.9,385.55,129,-174.15,TIME_EXIT
2026-07-03,15:15:04,CAPILLARY,515.75,515.05,96,-67.2,TIME_EXIT
2026-07-03,15:15:04,DRREDDY,1376.9,1374.6,36,-82.8,TIME_EXIT
2026-07-03,15:15:05,LENSKART,545.55,533.9,91,-1060.15,TIME_EXIT
2026-07-03,15:15:04,ROUTE,553.55,553.45,90,-9.0,TIME_EXIT
2026-07-03,15:15:04,BBOX,984.05,995.7,50,582.5,TIME_EXIT
2026-07-03,15:15:05,THYROCARE,563.2,556.2,88,-616.0,TIME_EXIT
2026-07-03,15:15:05,NH,2034.4,2001.1,24,-799.2,TIME_EXIT
2026-07-03,15:15:05,SURYAROSNI,263.1,263.55,190,85.5,TIME_EXIT
2026-07-03,15:15:05,ASTERDM,796.0,793.15,62,-176.7,TIME_EXIT
2026-07-03,15:15:05,NEOGEN,2004.0,1968.9,24,-842.4,TIME_EXIT
2026-07-03,15:15:05,UPL,608.25,607.85,82,-32.8,TIME_EXIT
2026-07-03,15:15:05,ADANIENSOL,1565.5,1561.2,31,-133.3,TIME_EXIT
2026-07-03,15:15:06,GESHIP,1435.0,1440.1,34,173.4,TIME_EXIT
2026-07-03,15:15:06,METROPOLIS,553.1,555.55,90,220.5,TIME_EXIT
2026-07-03,15:15:05,EMIL,139.76,140.88,357,399.84,TIME_EXIT
2026-07-03,15:15:06,GALLANTT,698.15,690.7,71,-528.95,TIME_EXIT
2026-07-03,15:15:06,SCHNEIDER,1468.0,1483.5,34,527.0,TIME_EXIT
2026-07-03,15:15:07,EDELWEISS,126.6,124.62,394,-780.12,TIME_EXIT
2026-07-03,15:15:07,PARADEEP,143.6,146.51,348,1012.68,TIME_EXIT
2026-07-03,15:15:08,DALBHARAT,1782.7,1765.2,28,-490.0,TIME_EXIT
2026-07-03,15:15:07,LTM,3765.3,3758.4,13,-89.7,TIME_EXIT
2026-07-03,15:15:08,PICCADIL,647.3,646.25,77,-80.85,TIME_EXIT
2026-07-03,15:15:08,SHILPAMED,607.8,609.5,82,139.4,TIME_EXIT
2026-07-03,15:15:08,SYNGENE,448.05,440.15,111,-876.9,TIME_EXIT
2026-07-03,15:15:08,ENGINERSIN,238.04,237.8,210,-50.4,TIME_EXIT
2026-07-03,15:15:08,APOLLO,458.0,451.3,109,-730.3,TIME_EXIT
2026-07-03,15:15:08,CREDITACC,1584.1,1556.2,31,-864.9,TIME_EXIT
2026-07-03,15:15:09,PFOCUS,242.0,236.25,206,-1184.5,TIME_EXIT
2026-07-03,15:15:10,GLENMARK,2223.8,2210.0,22,-303.6,TIME_EXIT
2026-07-03,15:15:10,TECHM,1435.8,1410.4,34,-863.6,TIME_EXIT
2026-07-03,15:15:10,INTELLECT,785.9,786.6,63,44.1,TIME_EXIT
2026-07-03,15:15:10,PERSISTENT,4727.5,4684.0,10,-435.0,TIME_EXIT
2026-07-03,15:15:10,EMMVEE,366.6,358.1,136,-1156.0,TIME_EXIT
2026-07-03,15:15:10,UTIAMC,966.4,974.0,51,387.6,TIME_EXIT
2026-07-03,15:15:10,COFORGE,1481.9,1464.0,33,-590.7,TIME_EXIT
2026-07-03,15:15:11,HCLTECH,1142.0,1139.6,43,-103.2,TIME_EXIT
2026-07-03,15:15:11,GRAVITA,1717.7,1724.0,29,182.7,TIME_EXIT
2026-07-03,15:15:12,PARKHOSPS,295.8,294.65,169,-194.35,TIME_EXIT
2026-07-03,15:15:11,EPL,233.54,237.33,214,811.06,TIME_EXIT
2026-07-03,15:15:12,LICHSGFIN,563.8,554.35,88,-831.6,TIME_EXIT
2026-07-03,15:15:11,ASTRAMICRO,1804.2,1843.3,27,1055.7,TIME_EXIT
2026-07-03,15:15:12,ANGELONE,350.4,351.75,142,191.7,TIME_EXIT
2026-07-03,15:15:12,NAZARA,310.0,305.75,161,-684.25,TIME_EXIT
2026-07-03,15:15:12,QUESS,288.25,290.5,173,389.25,TIME_EXIT
2026-07-03,15:15:13,ARVIND,570.95,566.45,87,-391.5,TIME_EXIT
2026-07-03,15:15:14,ETERNAL,284.65,281.45,175,-560.0,TIME_EXIT
2026-07-03,15:15:14,CEMPRO,1470.0,1451.0,34,-646.0,TIME_EXIT
2026-07-03,15:15:13,AARTIPHARM,713.0,706.5,70,-455.0,TIME_EXIT
2026-07-03,15:15:14,JSLL,581.7,576.15,85,-471.75,TIME_EXIT
2026-07-03,15:15:14,KANSAINER,216.45,212.53,231,-905.52,TIME_EXIT
2026-07-03,15:15:14,HOMEFIRST,1217.6,1205.8,41,-483.8,TIME_EXIT
2026-07-03,15:15:15,HSCL,681.6,680.6,73,-73.0,TIME_EXIT
2026-07-03,15:15:15,CRIZAC,203.49,198.76,245,-1158.85,TIME_EXIT
2026-07-03,15:15:16,TRENT,3376.0,3341.4,14,-484.4,TIME_EXIT
2026-07-03,15:15:16,PVRINOX,997.5,995.05,50,-122.5,TIME_EXIT
2026-07-03,15:15:15,BRIGADE,509.0,512.35,98,328.3,TIME_EXIT
2026-07-03,15:15:16,KFINTECH,883.6,880.6,56,-168.0,TIME_EXIT
2026-07-03,15:15:16,REDTAPE,140.41,139.38,356,-366.68,TIME_EXIT
2026-07-03,15:15:17,USHAMART,511.25,514.15,97,281.3,TIME_EXIT
2026-07-03,15:15:19,SCHAEFFLER,4140.0,4155.5,12,186.0,TIME_EXIT
2026-07-03,15:15:20,LAURUSLABS,1543.7,1541.8,32,-60.8,TIME_EXIT
2026-07-03,15:15:19,INDIASHLTR,782.5,790.25,63,488.25,TIME_EXIT
2026-07-03,15:15:20,TORNTPHARM,4731.9,4768.9,10,370.0,TIME_EXIT
2026-07-03,15:15:20,AGARWALEYE,481.45,477.15,103,-442.9,TIME_EXIT
2026-07-03,15:15:20,BEL,423.0,418.45,118,-536.9,TIME_EXIT
2026-07-03,15:15:20,AWL,194.34,191.19,257,-809.55,TIME_EXIT
2026-07-03,15:15:21,CPPLUS,3571.1,3578.0,14,96.6,TIME_EXIT
2026-07-03,15:15:21,NUVOCO,322.0,322.75,155,116.25,TIME_EXIT
2026-07-03,15:15:22,TMB,775.8,777.7,64,121.6,TIME_EXIT
2026-07-03,15:15:23,KPIL,1388.5,1384.6,36,-140.4,TIME_EXIT
2026-07-03,15:15:24,SUNTECK,336.1,330.95,148,-762.2,TIME_EXIT
2026-07-03,15:15:27,SKFINDUS,2852.5,2827.7,17,-421.6,TIME_EXIT
2026-07-03,15:15:26,TANLA,543.5,539.0,91,-409.5,TIME_EXIT
2026-07-03,15:15:27,SMLMAH,4021.0,3951.0,12,-840.0,TIME_EXIT
2026-07-03,15:15:28,SUDARSCHEM,915.0,909.75,54,-283.5,TIME_EXIT
2026-07-03,15:15:32,BORORENEW,625.9,621.65,79,-335.75,TIME_EXIT
2026-07-03,15:15:34,BLUESTONE,572.1,571.0,87,-95.7,TIME_EXIT
2026-07-03,15:15:35,MAXHEALTH,1146.3,1152.2,43,253.7,TIME_EXIT
2026-07-03,15:15:36,JKLAKSHMI,588.15,579.3,85,-752.25,TIME_EXIT
2026-07-03,15:15:39,OPTIEMUS,511.5,518.0,97,630.5,TIME_EXIT
2026-07-03,15:15:40,PURVA,221.0,221.42,226,94.92,TIME_EXIT
2026-07-03,15:15:44,MOTILALOFS,969.5,968.15,51,-68.85,TIME_EXIT
2026-07-03,15:15:50,HEMIPROP,143.6,142.7,348,-313.2,TIME_EXIT
2026-07-03,15:15:50,BALUFORGE,474.95,466.45,105,-892.5,TIME_EXIT
2026-07-03,15:15:55,GABRIEL,1243.8,1231.5,40,-492.0,TIME_EXIT
2026-07-03,15:15:57,TIPSMUSIC,687.8,683.8,72,-288.0,TIME_EXIT
2026-07-03,15:16:27,ACI,543.4,540.25,92,-289.8,TIME_EXIT
2026-07-03,15:16:53,JLHL,1460.0,1454.0,34,-204.0,TIME_EXIT
2026-07-03,15:17:57,AARTIDRUGS,390.55,385.9,128,-595.2,TIME_EXIT
2026-07-06,14:48:08,ADANIGREEN,1583.9,1555.0,631,-18235.9,STOPLOSS
2026-07-06,15:15:06,GODREJPROP,2035.2,2050.4,49,744.8,TIME_EXIT
2026-07-06,15:15:03,CEATLTD,3830.3,3808.2,26,-574.6,TIME_EXIT
2026-07-06,15:15:04,ATLANTAELE,1689.3,1689.0,29,-8.7,TIME_EXIT
2026-07-06,15:15:06,BRIGADE,523.35,539.5,191,3084.65,TIME_EXIT
2026-07-06,15:15:01,AVL,648.05,650.0,1543,3008.85,TIME_EXIT
2026-07-06,15:15:06,AIAENG,4793.5,4812.5,208,3952.0,TIME_EXIT
2026-07-06,15:15:07,BALRAMCHIN,571.95,573.9,87,169.65,TIME_EXIT
2026-07-06,15:15:07,ABCAPITAL,408.9,410.0,122,134.2,TIME_EXIT
2026-07-06,15:15:06,ACE,1005.3,1005.5,994,198.8,TIME_EXIT
2026-07-06,15:15:07,BAJAJ-AUTO,9981.0,10046.0,100,6500.0,TIME_EXIT
2026-07-06,15:15:06,ADANIPOWER,225.31,220.7,4438,-20459.18,TIME_EXIT
2026-07-06,15:15:07,CUMMINSIND,5546.0,5580.0,18,612.0,TIME_EXIT
2026-07-06,15:15:03,ASHAPURMIN,649.85,646.75,1538,-4767.8,TIME_EXIT
2026-07-06,15:15:06,GLENMARK,2260.5,2273.1,44,554.4,TIME_EXIT
2026-07-06,15:15:03,APOLLOTYRE,455.6,455.55,2194,-109.7,TIME_EXIT
2026-07-06,15:15:07,GVT&D,4519.6,4550.5,22,679.8,TIME_EXIT
2026-07-06,15:15:07,FIVESTAR,557.55,553.85,179,-662.3,TIME_EXIT
2026-07-06,15:15:06,CANFINHOME,910.85,915.95,109,555.9,TIME_EXIT
2026-07-06,15:15:07,COROMANDEL,2049.8,2054.0,48,201.6,TIME_EXIT
2026-07-06,15:15:07,ERIS,1447.4,1447.9,69,34.5,TIME_EXIT
2026-07-06,15:15:06,DMART,4060.5,4070.8,12,123.6,TIME_EXIT
2026-07-06,15:15:07,GODREJAGRO,567.5,567.65,176,26.4,TIME_EXIT
2026-07-06,15:15:07,EICHERMOT,7435.0,7478.5,13,565.5,TIME_EXIT
2026-07-06,15:15:05,BLUESTARCO,1600.2,1599.3,62,-55.8,TIME_EXIT
2026-07-06,15:15:05,360ONE,1125.7,1133.5,44,343.2,TIME_EXIT
2026-07-07,10:24:37,ACUTAAS,3538.9,3476.0,28,-1761.2,STOPLOSS
2026-07-07,10:59:04,NAUKRI,1055.1,1111.4,94,5292.2,TARGET
2026-07-07,12:15:01,AEGISLOG,1407.5,1376.7,71,-2186.8,STOPLOSS
2026-07-07,13:05:22,DEEPAKFERT,1631.5,1597.1,61,-2098.4,STOPLOSS
2026-07-07,14:27:45,IFBIND,1297.4,1265.0,77,-2494.8,STOPLOSS
2026-07-07,15:15:05,CYIENT,848.25,848.0,117,-29.25,TIME_EXIT
2026-07-07,15:15:05,JIOFIN,245.2,243.19,407,-818.07,TIME_EXIT
2026-07-07,15:15:05,ADANIENSOL,1661.0,1653.1,60,-474.0,TIME_EXIT
2026-07-07,15:15:02,GODREJIND,1219.4,1213.0,82,-524.8,TIME_EXIT
2026-07-07,15:15:06,COCHINSHIP,1466.1,1452.9,68,-897.6,TIME_EXIT
2026-07-07,15:15:05,COROMANDEL,2070.4,2075.2,48,230.4,TIME_EXIT
2026-07-07,15:15:02,EIHOTEL,338.0,336.5,295,-442.5,TIME_EXIT
2026-07-07,15:15:05,JBCHEPHARM,2419.0,2420.0,41,41.0,TIME_EXIT
2026-07-07,15:15:02,ENGINERSIN,244.99,243.63,408,-554.88,TIME_EXIT
2026-07-07,15:15:05,ETERNAL,290.5,289.15,344,-464.4,TIME_EXIT
2026-07-07,15:15:04,IIFL,530.0,524.75,188,-987.0,TIME_EXIT
2026-07-07,15:15:05,COFORGE,1510.0,1518.3,66,547.8,TIME_EXIT
2026-07-07,15:15:05,CLEAN,799.0,805.45,125,806.25,TIME_EXIT
2026-07-07,15:15:05,INDUSINDBK,1021.1,1022.55,97,140.65,TIME_EXIT
2026-07-07,15:15:05,JUBLFOOD,454.9,455.35,219,98.55,TIME_EXIT
2026-07-07,15:15:05,CDSL,1361.9,1359.8,73,-153.3,TIME_EXIT
2026-07-07,15:15:05,HCLTECH,1157.8,1167.7,86,851.4,TIME_EXIT
2026-07-07,15:15:05,GRAVITA,1786.9,1785.4,55,-82.5,TIME_EXIT
2026-07-07,15:15:00,CELLO,371.35,368.25,269,-833.9,TIME_EXIT
2026-07-07,15:15:05,DMART,4087.8,4073.0,24,-355.2,TIME_EXIT
2026-07-07,15:15:05,AMBER,7649.0,7630.0,13,-247.0,TIME_EXIT
2026-07-07,15:15:03,INTELLECT,774.0,779.65,129,728.85,TIME_EXIT
2026-07-07,15:15:05,GABRIEL,1287.0,1268.0,77,-1463.0,TIME_EXIT
2026-07-07,15:15:03,ICICIPRULI,490.0,487.85,204,-438.6,TIME_EXIT
2026-07-07,15:15:03,EMAMILTD,416.9,416.0,239,-215.1,TIME_EXIT
2026-07-07,15:15:03,APOLLOTYRE,459.0,455.0,217,-868.0,TIME_EXIT
2026-07-07,15:15:05,BDL,1412.0,1397.0,70,-1050.0,TIME_EXIT
2026-07-07,15:15:03,AVL,657.6,652.2,152,-820.8,TIME_EXIT
2026-07-07,15:15:04,BELRISE,233.5,229.68,428,-1634.96,TIME_EXIT
2026-07-07,15:15:02,CANHLIFE,143.27,143.0,697,-188.19,TIME_EXIT
2026-07-07,15:15:03,BALRAMCHIN,571.0,571.1,175,17.5,TIME_EXIT
2026-07-07,15:15:05,INDIAGLYCO,1086.0,1081.8,92,-386.4,TIME_EXIT
2026-07-07,15:15:04,IMFA,1374.1,1360.5,72,-979.2,TIME_EXIT
2026-07-07,15:15:05,BLUESTARCO,1607.6,1606.6,62,-62.0,TIME_EXIT
2026-07-07,15:15:05,EICHERMOT,7575.0,7542.0,13,-429.0,TIME_EXIT
2026-07-07,15:15:05,INFY,1069.1,1071.9,93,260.4,TIME_EXIT
2026-07-07,15:15:04,AEGISVOPAK,277.64,295.0,360,6249.6,TIME_EXIT
2026-07-07,15:15:01,AHLUCONT,870.0,853.3,114,-1903.8,TIME_EXIT
2026-07-07,15:15:03,BSOFT,282.45,282.0,354,-159.3,TIME_EXIT
2026-07-07,15:15:03,GLAND,2525.3,2552.0,39,1041.3,TIME_EXIT
2026-07-07,15:15:05,CUPID,221.0,221.05,452,22.6,TIME_EXIT
2026-07-07,15:15:04,ASKAUTOLTD,458.8,468.1,217,2018.1,TIME_EXIT
2026-07-07,15:15:05,IKS,1879.5,1891.0,53,609.5,TIME_EXIT
2026-07-07,15:15:05,JSLL,563.5,572.1,177,1522.2,TIME_EXIT
2026-07-07,15:15:05,FLUOROCHEM,3930.0,3956.4,25,660.0,TIME_EXIT
2026-07-07,15:15:05,JSWSTEEL,1241.5,1246.7,80,416.0,TIME_EXIT
2026-07-07,15:15:03,HONASA,470.05,464.8,212,-1113.0,TIME_EXIT
2026-07-07,15:15:05,BAJFINANCE,1036.7,1041.9,96,499.2,TIME_EXIT
2026-07-07,15:15:05,NYKAA,316.8,315.35,315,-456.75,TIME_EXIT
2026-07-07,15:15:04,CHOLAHLDNG,1708.0,1699.9,58,-469.8,TIME_EXIT
2026-07-07,15:15:05,CEATLTD,3887.9,3907.8,25,497.5,TIME_EXIT
2026-07-07,15:15:04,ATHERENERG,1153.3,1141.4,86,-1023.4,TIME_EXIT
2026-07-07,15:15:05,AKUMS,639.7,649.15,156,1474.2,TIME_EXIT
2026-07-07,15:15:04,BHARTIHEXA,1485.0,1500.8,67,1058.6,TIME_EXIT
2026-07-07,15:15:05,BLACKBUCK,564.0,570.3,177,1115.1,TIME_EXIT
2026-07-07,15:15:05,EMCURE,1845.4,1848.6,54,172.8,TIME_EXIT
2026-07-07,15:15:05,AEQUS,242.25,240.9,412,-556.2,TIME_EXIT
2026-07-07,15:15:05,HINDCOPPER,499.0,495.5,200,-700.0,TIME_EXIT
2026-07-07,15:15:05,CUB,230.77,227.41,433,-1454.88,TIME_EXIT
2026-07-07,15:15:00,BLUESTONE,596.5,581.5,167,-2505.0,TIME_EXIT
2026-07-07,15:15:05,INDIGOPNTS,1088.8,1092.7,91,354.9,TIME_EXIT
2026-07-07,15:15:05,DALBHARAT,1791.0,1788.9,55,-115.5,TIME_EXIT
2026-07-07,15:15:06,BPCL,313.85,314.0,318,47.7,TIME_EXIT
2026-07-07,15:15:05,AZAD,2288.0,2281.9,43,-262.3,TIME_EXIT
2026-07-07,15:15:04,BALKRISIND,2240.4,2254.5,44,620.4,TIME_EXIT
2026-07-07,15:15:06,DATAMATICS,873.3,859.8,114,-1539.0,TIME_EXIT
2026-07-07,15:15:04,HOMEFIRST,1208.2,1208.9,82,57.4,TIME_EXIT
2026-07-07,15:15:06,MAPMYINDIA,971.4,956.9,102,-1479.0,TIME_EXIT
2026-07-08,10:35:04,ANANTRAJ,536.45,557.8,186,3971.1,TARGET
2026-07-08,12:03:03,CEMPRO,1484.8,1554.0,67,4636.4,TARGET
2026-07-08,13:01:05,AUROPHARMA,1608.7,1573.4,62,-2188.6,STOPLOSS
2026-07-08,13:21:56,AEGISVOPAK,291.21,280.37,343,-3718.12,STOPLOSS
2026-07-08,13:24:50,DLF,650.85,650.8,153,-7.65,STOPLOSS
2026-07-08,13:53:10,ADANIGREEN,1524.0,1524.0,65,0.0,STOPLOSS
2026-07-08,13:53:47,BALKRISIND,2258.1,2210.0,44,-2116.4,STOPLOSS
2026-07-08,13:54:06,GODREJPROP,2036.2,2034.3,49,-93.1,STOPLOSS
2026-07-08,13:55:50,ARE&M,843.65,843.15,118,-59.0,STOPLOSS
2026-07-08,13:55:54,CARBORUNIV,1112.6,1090.0,89,-2011.4,STOPLOSS
2026-07-08,13:59:21,DELHIVERY,518.0,509.3,193,-1679.1,STOPLOSS
2026-07-08,13:59:33,GRAVITA,1804.8,1749.2,55,-3058.0,STOPLOSS
2026-07-08,14:00:57,ATLANTAELE,1675.0,1673.2,59,-106.2,STOPLOSS
2026-07-08,14:00:58,AADHARHFC,546.55,533.05,182,-2457.0,STOPLOSS
2026-07-08,14:01:02,CHOLAFIN,1841.2,1807.4,54,-1825.2,STOPLOSS
2026-07-08,14:01:02,GNFC,514.55,504.4,194,-1969.1,STOPLOSS
2026-07-08,14:01:21,IIFL,525.6,525.45,190,-28.5,STOPLOSS
2026-07-08,14:01:24,AARTIIND,479.7,469.85,208,-2048.8,STOPLOSS
2026-07-08,14:01:53,ABCAPITAL,403.45,394.0,247,-2334.15,STOPLOSS
2026-07-08,14:01:45,GABRIEL,1277.9,1242.9,78,-2730.0,STOPLOSS
2026-07-08,14:02:39,ETERNAL,289.75,289.65,345,-34.5,STOPLOSS
2026-07-08,14:03:41,CANFINHOME,914.6,895.7,109,-2060.1,STOPLOSS
2026-07-08,14:04:16,APOLLOTYRE,450.95,442.15,221,-1944.8,STOPLOSS
2026-07-08,14:04:21,GRSE,2683.2,2647.6,37,-1317.2,STOPLOSS
2026-07-08,14:05:30,ANGELONE,339.85,332.15,294,-2263.8,STOPLOSS
2026-07-08,14:05:35,ADANIENSOL,1668.4,1668.0,59,-23.6,STOPLOSS
2026-07-08,14:05:39,BLUESTARCO,1606.1,1581.5,62,-1525.2,STOPLOSS
2026-07-08,14:05:49,IKS,1898.2,1850.7,52,-2470.0,STOPLOSS
2026-07-08,14:05:49,HUDCO,210.63,205.16,474,-2592.78,STOPLOSS
2026-07-08,14:05:49,FACT,876.05,854.0,114,-2513.7,STOPLOSS
2026-07-08,14:05:55,AUBANK,1067.9,1050.0,93,-1664.7,STOPLOSS
2026-07-08,14:06:25,JINDALSTEL,1040.5,1022.9,96,-1689.6,STOPLOSS
2026-07-08,14:09:05,ABREL,1409.3,1375.8,70,-2345.0,STOPLOSS
2026-07-08,14:09:10,HBLENGINE,776.2,762.6,128,-1740.8,STOPLOSS
2026-07-08,14:09:15,CMSINFO,270.55,263.0,369,-2785.95,STOPLOSS
2026-07-08,14:09:19,CGPOWER,909.4,909.35,109,-5.45,STOPLOSS
2026-07-08,14:09:19,ASKAUTOLTD,473.5,465.0,211,-1793.5,STOPLOSS
2026-07-08,14:09:21,BRIGADE,519.0,502.1,192,-3244.8,STOPLOSS
2026-07-08,14:09:49,ALIVUS,1163.2,1130.4,85,-2788.0,STOPLOSS
2026-07-08,14:10:03,CERA,6360.0,6264.0,15,-1440.0,STOPLOSS
2026-07-08,14:10:10,ASIANPAINT,2702.8,2668.0,36,-1252.8,STOPLOSS
2026-07-08,14:10:19,ANANDRATHI,2085.8,2045.0,47,-1917.6,STOPLOSS
2026-07-08,14:10:25,EICHERMOT,7463.0,7462.0,13,-13.0,STOPLOSS
2026-07-08,14:10:27,ELGIEQUIP,592.05,579.0,168,-2192.4,STOPLOSS
2026-07-08,14:10:55,JSFB,454.8,443.25,219,-2529.45,STOPLOSS
2026-07-08,14:12:17,CPPLUS,3576.0,3497.0,27,-2133.0,STOPLOSS
2026-07-08,14:13:09,CHAMBLFERT,465.4,454.3,214,-2375.4,STOPLOSS
2026-07-08,14:13:24,CREDITACC,1578.0,1553.0,63,-1575.0,STOPLOSS
2026-07-08,14:13:31,EMIL,135.99,129.8,735,-4549.65,STOPLOSS
2026-07-08,14:14:08,EDELWEISS,122.95,118.32,813,-3764.19,STOPLOSS
2026-07-08,14:14:12,APLAPOLLO,1825.8,1797.8,54,-1512.0,STOPLOSS
2026-07-08,14:14:16,BHARATFORG,2123.1,2091.6,47,-1480.5,STOPLOSS
2026-07-08,14:15:45,AKUMS,665.6,643.65,150,-3292.5,STOPLOSS
2026-07-08,14:19:35,AVALON,1692.8,1634.2,59,-3457.4,STOPLOSS
2026-07-08,14:19:38,ICICIAMC,3245.3,3166.6,30,-2361.0,STOPLOSS
2026-07-08,14:26:31,BHEL,377.1,377.1,265,0.0,STOPLOSS
2026-07-08,14:27:48,CHOICEIN,779.45,768.0,128,-1465.6,STOPLOSS
2026-07-08,14:28:36,EMAMILTD,417.35,409.0,239,-1995.65,STOPLOSS
2026-07-08,14:29:33,FIVESTAR,551.45,537.0,181,-2615.45,STOPLOSS
2026-07-08,14:29:46,HINDZINC,530.55,530.45,188,-18.8,STOPLOSS
2026-07-08,14:29:57,ELLEN,261.65,253.5,382,-3113.3,STOPLOSS
2026-07-08,14:37:27,JKPAPER,361.5,352.15,276,-2580.6,STOPLOSS
2026-07-08,14:43:43,HEXT,542.5,529.2,184,-2447.2,STOPLOSS
2026-07-08,14:46:50,CCL,1192.1,1171.4,83,-1718.1,STOPLOSS
2026-07-08,14:50:03,GODREJCP,1091.9,1073.9,91,-1638.0,STOPLOSS
2026-07-08,14:51:04,DIACABS,225.31,224.89,443,-186.06,STOPLOSS
2026-07-08,14:51:25,ASHOKLEY,163.55,156.45,611,-4338.1,STOPLOSS
2026-07-08,14:51:34,ENGINERSIN,241.01,234.62,414,-2645.46,STOPLOSS
2026-07-08,14:52:35,IONEXCHANG,408.0,393.7,245,-3503.5,STOPLOSS
2026-07-08,15:15:00,HEG,533.05,526.2,187,-1280.95,TIME_EXIT
2026-07-08,15:15:00,ICICIGI,1827.3,1800.4,54,-1452.6,TIME_EXIT
2026-07-08,15:15:00,DATAMATICS,865.05,851.25,115,-1587.0,TIME_EXIT
2026-07-08,15:15:00,GVT&D,4476.4,4460.5,22,-349.8,TIME_EXIT
2026-07-08,15:15:00,HDBFS,732.45,729.65,136,-380.8,TIME_EXIT
2026-07-08,15:15:00,JBCHEPHARM,2446.5,2426.1,40,-816.0,TIME_EXIT
2026-07-08,15:15:00,AXISCADES,1557.0,1534.7,64,-1427.2,TIME_EXIT
2026-07-08,15:15:00,BSE,3706.6,3738.4,26,826.8,TIME_EXIT
2026-07-08,15:15:01,GOKULAGRO,209.49,206.61,477,-1373.76,TIME_EXIT
2026-07-08,15:15:01,J&KBANK,166.32,165.99,601,-198.33,TIME_EXIT
2026-07-08,15:15:02,CGCL,239.61,237.13,417,-1034.16,TIME_EXIT
2026-07-08,15:15:02,INOXINDIA,1862.0,1872.1,53,535.3,TIME_EXIT
2026-07-08,15:15:02,INDUSTOWER,389.4,387.9,256,-384.0,TIME_EXIT
2026-07-08,15:15:03,CUMMINSIND,5493.5,5489.0,18,-81.0,TIME_EXIT
2026-07-08,15:15:03,NYKAA,320.1,317.5,312,-811.2,TIME_EXIT
2026-07-08,15:15:03,JAMNAAUTO,135.67,131.8,737,-2852.19,TIME_EXIT
2026-07-08,15:15:03,ASHAPURMIN,646.95,627.0,154,-3072.3,TIME_EXIT
2026-07-08,15:15:04,BHARTIHEXA,1521.9,1519.9,65,-130.0,TIME_EXIT
2026-07-08,15:15:03,HONASA,472.55,468.75,211,-801.8,TIME_EXIT
2026-07-08,15:15:06,ASTRAMICRO,1838.0,1799.5,54,-2079.0,TIME_EXIT
2026-07-08,15:15:06,ADANIPOWER,221.6,215.92,451,-2561.68,TIME_EXIT
2026-07-08,15:15:06,JBMA,678.6,661.0,147,-2587.2,TIME_EXIT
2026-07-08,15:15:07,ALKYLAMINE,1828.0,1852.4,54,1317.6,TIME_EXIT
2026-07-08,15:15:06,CEATLTD,3951.0,3861.4,25,-2240.0,TIME_EXIT
2026-07-08,15:15:07,EXIDEIND,418.6,420.8,238,523.6,TIME_EXIT
2026-07-08,15:15:08,INDGN,503.3,492.95,198,-2049.3,TIME_EXIT
2026-07-08,15:15:08,GREAVESCOT,227.6,223.1,439,-1975.5,TIME_EXIT
2026-07-08,15:15:09,AETHER,1349.9,1409.8,74,4432.6,TIME_EXIT
2026-07-08,15:15:10,JUBLINGREA,684.35,681.0,146,-489.1,TIME_EXIT
2026-07-08,15:15:11,CHENNPETRO,1130.9,1111.7,88,-1689.6,TIME_EXIT
2026-07-08,15:15:15,GROWW,195.02,191.35,512,-1879.04,TIME_EXIT
2026-07-08,15:15:16,UTLSOLAR,340.0,346.55,294,1925.7,TIME_EXIT
2026-07-08,15:15:17,BALAMINES,2162.7,2198.2,46,1633.0,TIME_EXIT
2026-07-08,15:15:18,HAPPSTMNDS,351.2,344.3,284,-1959.6,TIME_EXIT
2026-07-08,15:15:21,DCMSHRIRAM,1054.8,1041.5,94,-1250.2,TIME_EXIT
2026-07-08,15:15:24,CRAFTSMAN,9110.0,9184.5,10,745.0,TIME_EXIT
2026-07-08,15:15:24,ADVENZYMES,324.0,318.8,308,-1601.6,TIME_EXIT
2026-07-08,15:15:28,GMDCLTD,594.95,583.9,168,-1856.4,TIME_EXIT
2026-07-08,15:15:29,GLAXO,2432.4,2414.0,41,-754.4,TIME_EXIT
2026-07-08,15:15:31,ATHERENERG,1171.7,1199.2,85,2337.5,TIME_EXIT
2026-07-09,10:35:55,DRREDDY,1346.0,1309.8,74,-2678.8,STOPLOSS
2026-07-09,12:26:48,BHARTIHEXA,1533.7,1605.0,65,4634.5,TARGET
2026-07-09,12:46:02,BHARTIARTL,1931.0,1931.0,51,0.0,STOPLOSS
2026-07-09,14:00:53,JKCEMENT,5409.0,5409.0,18,0.0,STOPLOSS
2026-07-09,14:47:09,BIOCON,405.4,395.55,246,-2423.1,STOPLOSS
2026-07-09,14:47:31,GRASIM,3177.9,3201.2,31,722.3,MANUAL_EXIT
2026-07-09,14:47:31,COFORGE,1461.7,1472.0,68,700.4,MANUAL_EXIT
2026-07-09,14:47:31,AARTIIND,475.65,469.45,210,-1302.0,MANUAL_EXIT
2026-07-09,14:47:32,BRIGADE,509.7,530.6,196,4096.4,MANUAL_EXIT
2026-07-09,14:47:32,GRAVITA,1830.3,1837.0,54,361.8,MANUAL_EXIT
2026-07-09,14:47:32,MAPMYINDIA,989.35,1074.5,101,8600.15,MANUAL_EXIT
2026-07-09,14:47:32,GROWW,197.02,197.94,507,466.44,MANUAL_EXIT
2026-07-09,14:47:32,HCLTECH,1147.9,1154.3,87,556.8,MANUAL_EXIT
2026-07-09,14:47:33,INDIANB,791.8,791.65,126,-18.9,MANUAL_EXIT
2026-07-09,14:47:32,GODREJPROP,2030.0,2036.8,49,333.2,MANUAL_EXIT
2026-07-09,14:47:33,ERIS,1426.9,1431.5,70,322.0,MANUAL_EXIT
2026-07-09,14:47:33,CONCOR,458.9,458.9,217,0.0,MANUAL_EXIT
2026-07-09,14:47:34,APTUS,280.05,280.5,357,160.65,MANUAL_EXIT
2026-07-09,14:47:34,ASIANPAINT,2703.7,2685.0,36,-673.2,MANUAL_EXIT
2026-07-09,14:47:34,CHOLAFIN,1792.5,1798.8,55,346.5,MANUAL_EXIT
2026-07-09,14:47:35,AWL,184.25,185.97,542,932.24,MANUAL_EXIT
2026-07-09,14:47:34,ACE,986.0,981.3,101,-474.7,MANUAL_EXIT
2026-07-09,14:47:35,GLENMARK,2268.5,2269.4,44,39.6,MANUAL_EXIT
2026-07-09,14:47:35,ARVIND,537.2,530.5,186,-1246.2,MANUAL_EXIT
2026-07-09,14:47:34,DELHIVERY,513.2,514.8,194,310.4,MANUAL_EXIT
2026-07-09,14:47:35,JSWINFRA,322.65,323.95,309,401.7,MANUAL_EXIT
2026-07-09,14:47:35,GODREJCP,1087.3,1091.3,91,364.0,MANUAL_EXIT
2026-07-09,14:47:36,AARTIDRUGS,395.8,396.75,252,239.4,MANUAL_EXIT
2026-07-09,14:47:36,BALAMINES,2295.1,2348.8,43,2309.1,MANUAL_EXIT
2026-07-09,14:47:36,AMBER,7635.0,7646.5,13,149.5,MANUAL_EXIT
2026-07-09,14:47:36,ECLERX,1522.2,1562.0,65,2587.0,MANUAL_EXIT
2026-07-09,14:47:37,BALKRISIND,2201.4,2201.4,45,0.0,MANUAL_EXIT
2026-07-09,14:47:37,ASTERDM,793.15,804.0,126,1367.1,MANUAL_EXIT
2026-07-09,14:47:37,HDFCAMC,2705.0,2733.2,36,1015.2,MANUAL_EXIT
2026-07-09,14:47:37,AJANTPHARM,3358.0,3308.7,29,-1429.7,MANUAL_EXIT
2026-07-09,14:47:37,ALKEM,5678.0,5645.0,17,-561.0,MANUAL_EXIT
2026-07-09,14:47:38,HYUNDAI,1931.0,1932.9,51,96.9,MANUAL_EXIT
2026-07-09,14:47:39,HBLENGINE,773.35,763.4,129,-1283.55,MANUAL_EXIT
2026-07-09,14:47:39,ENDURANCE,2704.5,2693.6,36,-392.4,MANUAL_EXIT
2026-07-09,14:47:39,BLUESTARCO,1613.0,1615.5,61,152.5,MANUAL_EXIT
2026-07-09,14:47:40,CEMPRO,1538.8,1553.9,64,966.4,MANUAL_EXIT
2026-07-09,14:47:41,GVT&D,4600.0,4636.3,21,762.3,MANUAL_EXIT
2026-07-09,14:47:42,ITCHOTELS,182.47,182.4,548,-38.36,MANUAL_EXIT
2026-07-09,14:47:42,HINDPETRO,390.0,392.05,256,524.8,MANUAL_EXIT
2026-07-09,14:47:42,INDUSINDBK,1015.3,1015.2,98,-9.8,MANUAL_EXIT
2026-07-09,14:47:42,COLPAL,2053.8,2065.2,48,547.2,MANUAL_EXIT
2026-07-09,14:47:42,IIFL,541.5,541.5,184,0.0,MANUAL_EXIT
2026-07-09,14:47:44,GRWRHITECH,7039.5,6947.0,14,-1295.0,MANUAL_EXIT
2026-07-09,14:47:44,INTELLECT,760.0,746.9,131,-1716.1,MANUAL_EXIT
2026-07-09,14:47:44,AKUMS,660.0,660.0,151,0.0,MANUAL_EXIT
2026-07-09,14:47:45,IONEXCHANG,407.5,404.35,245,-771.75,MANUAL_EXIT
2026-07-09,14:47:45,ICICIPRULI,490.6,490.75,203,30.45,MANUAL_EXIT
2026-07-09,14:47:45,AARTIPHARM,706.65,703.85,141,-394.8,MANUAL_EXIT
2026-07-09,14:47:45,ABCAPITAL,398.25,398.35,251,25.1,MANUAL_EXIT
2026-07-09,14:47:45,ACI,529.0,528.5,189,-94.5,MANUAL_EXIT
2026-07-09,14:47:46,ACC,1360.8,1360.0,73,-58.4,MANUAL_EXIT
2026-07-09,14:47:46,CAMS,759.65,774.1,131,1892.95,MANUAL_EXIT
2026-07-09,14:47:47,CAPLIPOINT,2612.7,2617.4,38,178.6,MANUAL_EXIT
2026-07-09,14:47:47,CCL,1206.0,1213.8,82,639.6,MANUAL_EXIT
2026-07-09,14:47:47,CDSL,1349.0,1351.2,74,162.8,MANUAL_EXIT
2026-07-09,14:47:48,GOKULAGRO,212.95,216.83,469,1819.72,MANUAL_EXIT
2026-07-09,14:47:49,ABSLAMC,1141.0,1141.8,87,69.6,MANUAL_EXIT
2026-07-09,14:47:51,JUBLFOOD,438.6,431.5,227,-1611.7,MANUAL_EXIT
2026-07-09,14:47:51,AUROPHARMA,1578.0,1587.1,63,573.3,MANUAL_EXIT
2026-07-09,14:47:55,IPCALAB,1787.6,1775.8,55,-649.0,MANUAL_EXIT
2026-07-09,14:47:57,APOLLOTYRE,444.95,438.7,224,-1400.0,MANUAL_EXIT
2026-07-09,14:47:58,EIDPARRY,732.25,749.0,136,2278.0,MANUAL_EXIT
2026-07-09,14:47:59,DLF,645.3,663.1,154,2741.2,MANUAL_EXIT
2026-07-09,14:48:02,CPPLUS,3618.7,3638.6,27,537.3,MANUAL_EXIT
2026-07-09,14:48:03,HDBFS,736.65,736.0,135,-87.75,MANUAL_EXIT
2026-07-09,14:48:03,GMDCLTD,591.15,588.0,169,-532.35,MANUAL_EXIT
2026-07-09,14:48:05,GRANULES,872.8,887.55,114,1681.5,MANUAL_EXIT
2026-07-09,14:48:05,ARE&M,863.6,874.45,115,1247.75,MANUAL_EXIT
2026-07-09,14:48:05,FLUOROCHEM,3885.5,3901.4,25,397.5,MANUAL_EXIT
2026-07-09,14:48:05,ETERNAL,299.3,292.75,334,-2187.7,MANUAL_EXIT
2026-07-09,14:48:10,JSLL,574.0,589.0,174,2610.0,MANUAL_EXIT
2026-07-09,14:48:11,BALUFORGE,448.5,453.0,222,999.0,MANUAL_EXIT
2026-07-09,14:48:13,APOLLOHOSP,8887.0,8852.5,11,-379.5,MANUAL_EXIT
2026-07-09,14:48:16,CRAMC,248.5,253.71,402,2094.42,MANUAL_EXIT
2026-07-09,14:48:17,GHCL,428.05,428.8,233,174.75,MANUAL_EXIT
2026-07-09,14:48:18,BEML,1805.9,1806.0,55,5.5,MANUAL_EXIT
2026-07-09,14:48:18,FACT,858.0,852.9,116,-591.6,MANUAL_EXIT
2026-07-09,14:48:18,AXISCADES,1552.0,1595.1,64,2758.4,MANUAL_EXIT
2026-07-09,14:48:19,GODFRYPHLP,2111.5,2108.8,47,-126.9,MANUAL_EXIT
2026-07-09,14:48:20,CHENNPETRO,1125.3,1126.0,88,61.6,MANUAL_EXIT
2026-07-09,14:48:20,ICIL,427.45,425.7,233,-407.75,MANUAL_EXIT
2026-07-09,14:48:21,GLAXO,2444.3,2450.4,40,244.0,MANUAL_EXIT
2026-07-09,14:48:21,AFFLE,1480.0,1472.0,67,-536.0,MANUAL_EXIT
2026-07-09,14:48:22,AURIONPRO,840.95,838.15,118,-330.4,MANUAL_EXIT
2026-07-09,14:48:22,DIVISLAB,6915.0,6803.5,14,-1561.0,MANUAL_EXIT
2026-07-09,14:48:22,HEXT,530.15,536.65,188,1222.0,MANUAL_EXIT
2026-07-09,14:48:23,GRSE,2643.7,2630.8,37,-477.3,MANUAL_EXIT
2026-07-09,14:48:23,AIAENG,4686.5,4652.0,21,-724.5,MANUAL_EXIT
2026-07-09,14:48:27,ELECON,508.7,514.55,196,1146.6,MANUAL_EXIT
2026-07-09,14:48:28,ABREL,1391.0,1406.0,71,1065.0,MANUAL_EXIT
2026-07-09,14:48:29,COHANCE,434.85,440.5,229,1293.85,MANUAL_EXIT
2026-07-09,14:48:31,ANGELONE,338.7,341.4,295,796.5,MANUAL_EXIT
2026-07-09,14:48:33,LALPATHLAB,1690.1,1681.7,59,-495.6,MANUAL_EXIT
2026-07-09,14:48:33,ELLEN,259.95,269.9,384,3820.8,MANUAL_EXIT
2026-07-09,14:48:37,ADVENZYMES,326.0,326.0,306,0.0,MANUAL_EXIT
2026-07-09,14:48:46,EMCURE,1836.9,1811.9,54,-1350.0,MANUAL_EXIT
2026-07-09,14:49:00,GALLANTT,662.5,663.25,150,112.5,MANUAL_EXIT
2026-07-09,14:49:08,AGARWALEYE,483.4,492.2,206,1812.8,MANUAL_EXIT
2026-07-09,14:49:12,IFBIND,1285.0,1282.1,77,-223.3,MANUAL_EXIT
2026-07-09,14:49:17,HERITGFOOD,332.8,336.0,300,960.0,MANUAL_EXIT
2026-07-09,14:49:21,ENTERO,1199.4,1212.1,83,1054.1,MANUAL_EXIT
2026-07-09,14:49:22,IKS,1864.0,1874.0,53,530.0,MANUAL_EXIT
2026-07-09,14:49:27,DEEPAKNTR,1604.0,1624.0,62,1240.0,MANUAL_EXIT
2026-07-09,14:49:31,DEEPAKFERT,1554.8,1547.4,64,-473.6,MANUAL_EXIT
2026-07-09,14:49:33,EUREKAFORB,451.45,452.0,221,121.55,MANUAL_EXIT
2026-07-09,14:49:42,IGIL,346.1,343.35,288,-792.0,MANUAL_EXIT
2026-07-09,14:50:33,APLLTD,823.0,817.6,121,-653.4,MANUAL_EXIT
2026-07-09,14:50:33,JBMA,674.9,672.2,148,-399.6,MANUAL_EXIT
2026-07-09,14:50:38,GOKEX,833.0,831.65,120,-162.0,MANUAL_EXIT
2026-07-09,14:50:50,AVANTIFEED,931.15,923.35,107,-834.6,MANUAL_EXIT
2026-07-09,14:51:12,DIACABS,243.51,240.3,410,-1316.1,MANUAL_EXIT
2026-07-09,14:52:26,DBL,424.1,423.2,235,-211.5,MANUAL_EXIT
2026-07-09,14:53:55,ASHAPURMIN,641.95,638.7,155,-503.75,MANUAL_EXIT
2026-07-09,14:59:15,CORONA,2040.7,2017.0,49,-1161.3,MANUAL_EXIT
2026-07-09,14:59:25,360ONE,1103.6,1104.4,90,72.0,MANUAL_EXIT
2026-07-09,14:59:27,AEGISLOG,1251.4,1250.5,79,-71.1,MANUAL_EXIT
2026-07-09,14:59:29,BPCL,307.95,307.95,324,0.0,MANUAL_EXIT
2026-07-09,14:59:30,INDIAMART,1924.4,1924.3,51,-5.1,MANUAL_EXIT
2026-07-09,14:59:33,ASAHIINDIA,889.65,889.7,112,5.6,MANUAL_EXIT
2026-07-09,14:59:35,CUPID,210.26,210.36,475,47.5,MANUAL_EXIT
2026-07-09,14:59:38,CRAFTSMAN,9289.5,9290.0,10,5.0,MANUAL_EXIT
2026-07-09,14:59:47,ANANDRATHI,2091.3,2091.3,47,0.0,MANUAL_EXIT
2026-07-09,15:00:16,HOMEFIRST,1204.6,1205.3,83,58.1,MANUAL_EXIT
2026-07-09,15:11:44,GMMPFAUDLR,773.0,765.55,129,-961.05,MANUAL_EXIT
2026-07-10,09:45:42,ASAHIINDIA,912.05,926.25,109,1547.8,TARGET
2026-07-10,09:49:19,ATGL,715.55,728.95,139,1862.6,TARGET
2026-07-10,10:00:03,ADANIPORTS,1820.9,1843.9,54,1242.0,TARGET
2026-07-10,10:01:23,ADANIENSOL,1640.4,1662.0,60,1296.0,TARGET
2026-07-10,10:03:04,DOMS,2348.4,2389.0,42,1705.2,TARGET
2026-07-10,10:06:22,CRISIL,4115.0,4191.0,24,1824.0,TARGET
2026-07-10,10:17:58,IFBIND,1311.0,1339.5,76,2166.0,TARGET
2026-07-10,10:21:26,AKUMS,669.85,686.85,149,2533.0,TARGET
2026-07-10,10:22:15,GODREJPROP,2056.6,2094.3,48,1809.6,TARGET
2026-07-10,10:31:42,CONCORDBIO,1324.0,1302.3,75,-1627.5,STOPLOSS
2026-07-10,10:31:52,AEGISLOG,1292.0,1258.5,77,-2579.5,STOPLOSS
2026-07-10,10:37:16,BRIGADE,540.75,555.4,184,2695.6,TARGET
2026-07-10,10:50:22,EICHERMOT,7439.0,7340.5,13,-1280.5,STOPLOSS
2026-07-10,11:11:10,HBLENGINE,776.5,763.4,128,-1676.8,STOPLOSS
2026-07-10,11:12:18,GRWRHITECH,6994.5,7128.0,14,1869.0,TARGET
2026-07-10,11:16:55,BIOCON,410.15,418.3,243,1980.45,TARGET
2026-07-10,11:20:57,CENTURYPLY,780.9,796.9,128,2048.0,TARGET
2026-07-10,11:40:31,AFFLE,1494.9,1466.0,66,-1907.4,STOPLOSS
2026-07-10,11:43:24,AARTIIND,480.6,494.0,208,2787.2,TARGET
2026-07-10,11:45:22,EIEL,233.83,240.85,427,2997.54,TARGET
2026-07-10,11:52:17,GODREJIND,1246.5,1285.2,80,3096.0,TARGET
2026-07-10,12:00:10,GODFRYPHLP,2129.0,2104.9,46,-1108.6,STOPLOSS
2026-07-10,12:06:12,CAPLIPOINT,2644.0,2596.3,37,-1764.9,STOPLOSS
2026-07-10,12:23:04,IONEXCHANG,410.65,420.65,243,2430.0,TARGET
2026-07-10,12:40:05,INDIANB,807.3,822.8,123,1906.5,TARGET
2026-07-10,12:42:52,ARVIND,541.65,526.0,184,-2879.6,STOPLOSS
2026-07-10,13:26:10,CHOLAFIN,1826.0,1802.9,54,-1247.4,STOPLOSS
2026-07-10,13:37:59,ICICIPRULI,500.9,511.85,199,2179.05,TARGET
2026-07-10,13:48:37,GODIGIT,306.55,314.2,326,2493.9,TARGET
2026-07-10,13:52:48,CDSL,1395.0,1439.5,71,3159.5,TARGET
2026-07-10,13:53:28,GREAVESCOT,241.4,248.79,414,3059.46,TARGET
2026-07-10,14:05:43,AEGISVOPAK,282.14,290.69,354,3026.7,TARGET
2026-07-10,14:11:31,CREDITACC,1567.0,1527.4,63,-2494.8,STOPLOSS
2026-07-10,14:16:22,HINDALCO,981.3,967.8,101,-1363.5,STOPLOSS
2026-07-10,14:23:06,AXISCADES,1635.9,1590.6,61,-2763.3,STOPLOSS
2026-07-10,14:38:11,BORORENEW,666.0,643.0,150,-3450.0,STOPLOSS
2026-07-10,14:59:19,ARVINDFASN,475.55,465.4,210,-2131.5,STOPLOSS
2026-07-10,15:00:03,CRAFTSMAN,9382.5,9265.0,10,-1175.0,STOPLOSS
2026-07-10,15:02:26,J&KBANK,174.19,182.24,574,4620.7,TARGET
2026-07-10,15:06:04,ENTERO,1243.6,1213.8,80,-2384.0,STOPLOSS
2026-07-10,15:09:09,AWFIS,316.05,304.05,316,-3792.0,STOPLOSS
2026-07-10,15:13:28,ECLERX,1591.4,1625.0,62,2083.2,TARGET
2026-07-10,15:15:00,GRSE,2652.7,2659.6,37,255.3,TIME_EXIT
2026-07-10,15:15:00,NYKAA,329.6,330.6,303,303.0,TIME_EXIT
2026-07-10,15:15:00,INDIAGLYCO,1060.75,1067.85,94,667.4,TIME_EXIT
2026-07-10,15:15:00,DALBHARAT,1779.4,1783.9,56,252.0,TIME_EXIT
2026-07-10,15:15:00,ABREL,1431.9,1449.8,69,1235.1,TIME_EXIT
2026-07-10,15:15:00,APLLTD,829.8,838.7,120,1068.0,TIME_EXIT
2026-07-10,15:15:00,GRAPHITE,604.95,612.25,165,1204.5,TIME_EXIT
2026-07-10,15:15:00,GRANULES,893.85,890.8,111,-338.55,TIME_EXIT
2026-07-10,15:15:00,JSWINFRA,330.85,328.8,302,-619.1,TIME_EXIT
2026-07-10,15:15:00,ADANIPOWER,220.28,218.26,453,-915.06,TIME_EXIT
2026-07-10,15:15:00,GALLANTT,673.9,667.7,148,-917.6,TIME_EXIT
2026-07-10,15:15:00,EMIL,135.71,134.7,736,-743.36,TIME_EXIT
2026-07-10,15:15:00,ANANTRAJ,585.75,585.8,170,8.5,TIME_EXIT
2026-07-10,15:15:01,BALKRISIND,2261.9,2253.0,44,-391.6,TIME_EXIT
2026-07-10,15:15:00,DATAMATICS,896.3,899.35,111,338.55,TIME_EXIT
2026-07-10,15:15:00,CROMPTON,264.3,261.85,378,-926.1,TIME_EXIT
2026-07-10,15:15:01,IPCALAB,1796.5,1790.4,55,-335.5,TIME_EXIT
2026-07-10,15:15:01,CIPLA,1453.1,1436.6,68,-1122.0,TIME_EXIT
2026-07-10,15:15:01,HAPPSTMNDS,381.7,387.05,261,1396.35,TIME_EXIT
2026-07-10,15:15:01,CUMMINSIND,5709.0,5626.5,17,-1402.5,TIME_EXIT
2026-07-10,15:15:02,CELLO,365.3,369.25,273,1078.35,TIME_EXIT
2026-07-10,15:15:02,ATHERENERG,1224.5,1227.0,81,202.5,TIME_EXIT
2026-07-10,15:15:02,BHEL,393.4,394.95,254,393.7,TIME_EXIT
2026-07-10,15:15:02,JIOFIN,238.9,241.79,418,1208.02,TIME_EXIT
2026-07-10,15:15:02,CHOICEIN,843.0,834.85,118,-961.7,TIME_EXIT
2026-07-10,15:15:02,BSOFT,289.35,290.3,345,327.75,TIME_EXIT
2026-07-10,15:15:02,IREDA,125.4,126.34,797,749.18,TIME_EXIT
2026-07-10,15:15:02,CAMS,787.7,789.5,126,226.8,TIME_EXIT
2026-07-10,15:15:02,CGCL,263.25,252.71,379,-3994.66,TIME_EXIT
2026-07-10,15:15:03,COHANCE,452.15,451.8,221,-77.35,TIME_EXIT
2026-07-10,15:15:03,ACC,1386.8,1383.1,72,-266.4,TIME_EXIT
2026-07-10,15:15:03,BANDHANBNK,206.81,210.63,483,1845.06,TIME_EXIT
2026-07-10,15:15:04,HINDCOPPER,506.8,498.95,197,-1546.45,TIME_EXIT
2026-07-10,15:15:03,DEEPAKNTR,1663.8,1646.5,60,-1038.0,TIME_EXIT
2026-07-10,15:15:04,INDGN,515.5,509.85,193,-1090.45,TIME_EXIT
2026-07-10,15:15:04,ANANDRATHI,2142.5,2152.1,46,441.6,TIME_EXIT
2026-07-10,15:15:05,CARTRADE,2802.0,2813.4,35,399.0,TIME_EXIT
2026-07-10,15:15:05,ABCAPITAL,407.3,408.75,245,355.25,TIME_EXIT
2026-07-10,15:15:05,GPIL,255.05,254.15,392,-352.8,TIME_EXIT
2026-07-10,15:15:05,BALUFORGE,464.6,464.7,215,21.5,TIME_EXIT
2026-07-10,15:15:05,EMAMILTD,422.1,420.65,236,-342.2,TIME_EXIT
2026-07-10,15:15:05,GLAND,2497.2,2479.8,40,-696.0,TIME_EXIT
2026-07-10,15:15:05,CHENNPETRO,1167.9,1176.5,85,731.0,TIME_EXIT
2026-07-10,15:15:05,INDIGO,5333.0,5305.0,18,-504.0,TIME_EXIT
2026-07-10,15:15:05,HEG,543.35,545.4,184,377.2,TIME_EXIT
2026-07-10,15:15:05,HOMEFIRST,1215.2,1220.3,82,418.2,TIME_EXIT
2026-07-10,15:15:06,JSWSTEEL,1248.0,1245.9,80,-168.0,TIME_EXIT
2026-07-10,15:15:06,IIFL,551.6,553.1,181,271.5,TIME_EXIT
2026-07-10,15:15:06,GLENMARK,2291.5,2281.2,43,-442.9,TIME_EXIT
2026-07-10,15:15:06,AADHARHFC,539.0,533.55,185,-1008.25,TIME_EXIT
2026-07-10,15:15:06,FIRSTCRY,209.31,213.09,477,1803.06,TIME_EXIT
2026-07-10,15:15:06,BLUESTONE,580.4,582.05,172,283.8,TIME_EXIT
2026-07-10,15:15:07,BHARTIHEXA,1590.6,1601.4,62,669.6,TIME_EXIT
2026-07-10,15:15:07,AUBANK,1065.9,1072.7,93,632.4,TIME_EXIT
2026-07-10,15:15:07,FINCABLES,1059.4,1054.8,94,-432.4,TIME_EXIT
2026-07-10,15:15:08,ERIS,1438.4,1426.1,69,-848.7,TIME_EXIT
2026-07-10,15:15:08,INDUSTOWER,403.7,405.55,247,456.95,TIME_EXIT
2026-07-10,15:15:08,BLACKBUCK,577.75,579.1,173,233.55,TIME_EXIT
2026-07-10,15:15:09,HDBFS,749.15,755.9,133,897.75,TIME_EXIT
2026-07-10,15:15:09,DRREDDY,1247.4,1246.6,80,-64.0,TIME_EXIT
2026-07-10,15:15:09,AMBER,7781.0,7780.5,12,-6.0,TIME_EXIT
2026-07-10,15:15:09,GRAVITA,1865.0,1854.4,53,-561.8,TIME_EXIT
2026-07-10,15:15:10,JUBLINGREA,728.8,722.45,137,-869.95,TIME_EXIT
2026-07-10,15:15:11,BIRLACORPN,963.95,964.0,103,5.15,TIME_EXIT
2026-07-10,15:15:11,DLF,675.0,685.0,148,1480.0,TIME_EXIT
2026-07-10,15:15:12,JINDALSTEL,1052.4,1050.5,95,-180.5,TIME_EXIT
2026-07-10,15:15:15,AWL,189.84,189.94,526,52.6,TIME_EXIT
2026-07-10,15:15:15,BALAMINES,2391.6,2416.8,41,1033.2,TIME_EXIT
2026-07-10,15:15:15,CANFINHOME,931.0,922.65,107,-893.45,TIME_EXIT
2026-07-10,15:15:15,APLAPOLLO,1817.2,1835.8,55,1023.0,TIME_EXIT
2026-07-10,15:15:15,JKPAPER,363.5,363.85,275,96.25,TIME_EXIT
2026-07-10,15:15:16,ACI,533.3,526.7,187,-1234.2,TIME_EXIT
2026-07-10,15:15:15,JSFB,477.0,474.35,209,-553.85,TIME_EXIT
2026-07-10,15:15:17,JSLL,596.95,592.9,167,-676.35,TIME_EXIT
2026-07-10,15:15:19,JSL,723.2,714.7,138,-1173.0,TIME_EXIT
2026-07-10,15:15:18,AVL,643.95,635.2,155,-1356.25,TIME_EXIT
2026-07-10,15:15:19,HINDZINC,543.55,537.5,183,-1107.15,TIME_EXIT
2026-07-10,15:15:19,DATAPATTNS,4324.9,4342.0,23,393.3,TIME_EXIT
2026-07-10,15:15:20,CIEINDIA,470.5,464.4,212,-1293.2,TIME_EXIT
2026-07-10,15:15:21,CHALET,827.6,839.8,120,1464.0,TIME_EXIT
2026-07-10,15:15:22,FORTIS,960.1,967.5,104,769.6,TIME_EXIT
2026-07-10,15:15:23,JBMA,684.55,684.3,146,-36.5,TIME_EXIT
2026-07-10,15:15:23,BLUESTARCO,1639.0,1658.0,61,1159.0,TIME_EXIT
2026-07-10,15:15:25,JUBLFOOD,438.95,438.0,227,-215.65,TIME_EXIT
2026-07-10,15:15:25,FSL,253.6,258.86,331,1741.06,TIME_EXIT
2026-07-10,15:15:59,INDIGOPNTS,1061.0,1054.3,94,-629.8,TIME_EXIT
2026-07-10,15:15:05,ELLEN,283.9,294.25,352,3643.2,TIME_EXIT
2026-07-10,15:16:02,CAMPUS,230.59,231.38,433,342.07,TIME_EXIT
2026-07-10,15:16:03,IKS,1900.6,1928.9,52,1471.6,TIME_EXIT
2026-07-10,15:16:02,CONCOR,468.25,463.8,213,-947.85,TIME_EXIT
2026-07-10,15:16:03,INDIASHLTR,797.6,800.0,125,300.0,TIME_EXIT
2026-07-10,15:16:01,IMFA,1393.8,1401.2,71,525.4,TIME_EXIT
2026-07-10,15:16:03,CORONA,2055.0,2044.1,48,-523.2,TIME_EXIT
2026-07-10,15:16:01,MAPMYINDIA,1098.25,1084.2,89,-1250.45,TIME_EXIT
2026-07-10,15:16:02,GLAXO,2449.3,2437.5,40,-472.0,TIME_EXIT
2026-07-10,15:22:02,BATAINDIA,691.0,690.3,144,-100.8,MANUAL_EXIT
2026-07-15,10:02:31,MSTCLTD,663.0,673.3,150,1545.0,TARGET
2026-07-15,10:54:35,SIGNATURE,844.05,866.15,118,2607.8,TARGET
2026-07-15,10:56:23,ZFCVINDIA,2336.0,2373.5,42,1575.0,TARGET
2026-07-15,11:17:00,METROPOLIS,570.6,584.3,175,2397.5,TARGET
2026-07-15,11:20:39,APLLTD,828.45,842.85,120,1728.0,TARGET
2026-07-15,11:45:35,AZAD,2424.9,2372.7,41,-2140.2,STOPLOSS
2026-07-15,12:05:19,GROWW,210.28,218.37,475,3842.75,TARGET
2026-07-15,12:18:47,TIMETECHNO,186.48,193.03,536,3510.8,TARGET
2026-07-15,12:40:49,FIVESTAR,557.55,545.1,179,-2228.55,STOPLOSS
2026-07-15,12:40:31,ASAHIINDIA,933.8,917.55,107,-1738.75,STOPLOSS
2026-07-15,12:48:12,COROMANDEL,2097.0,2069.6,47,-1287.8,STOPLOSS
2026-07-15,13:00:28,LATENTVIEW,303.95,297.0,329,-2286.55,STOPLOSS
2026-07-15,13:08:43,UPL,604.2,588.35,165,-2615.25,STOPLOSS
2026-07-15,13:23:49,CUPID,222.44,215.45,449,-3138.51,STOPLOSS
2026-07-15,13:28:27,LGEINDIA,1533.4,1559.6,65,1703.0,TARGET
2026-07-15,13:42:14,DATAMATICS,871.05,852.0,114,-2171.7,STOPLOSS
2026-07-15,13:44:19,LALPATHLAB,1773.3,1744.0,56,-1640.8,STOPLOSS
2026-07-15,14:10:10,INDIACEM,381.0,389.25,262,2161.5,TARGET
2026-07-15,15:13:05,BDL,1288.6,1271.7,77,-1301.3,STOPLOSS
2026-07-15,15:15:00,BLS,237.55,235.7,420,-777.0,TIME_EXIT
2026-07-15,15:15:00,SKFINDUS,2790.6,2750.0,35,-1421.0,TIME_EXIT
2026-07-15,15:15:00,HINDPETRO,395.1,394.35,253,-189.75,TIME_EXIT
2026-07-15,15:15:00,RAINBOW,1498.0,1501.0,66,198.0,TIME_EXIT
2026-07-15,15:15:00,ALKEM,5656.0,5663.5,17,127.5,TIME_EXIT
2026-07-15,15:15:00,SBILIFE,1875.0,1866.0,53,-477.0,TIME_EXIT
2026-07-15,15:15:00,INDUSINDBK,1016.5,1007.55,98,-877.1,TIME_EXIT
2026-07-15,15:15:00,KALYANKJIL,536.95,547.55,186,1971.6,TIME_EXIT
2026-07-15,15:15:00,VIJAYA,1395.0,1389.0,71,-426.0,TIME_EXIT
2026-07-15,15:15:00,CHOLAFIN,1816.4,1799.8,55,-913.0,TIME_EXIT
2026-07-15,15:15:00,HOMEFIRST,1239.4,1243.7,80,344.0,TIME_EXIT
2026-07-15,15:15:00,PNBHOUSING,1116.5,1106.0,89,-934.5,TIME_EXIT
2026-07-15,15:15:00,BHEL,411.5,414.9,243,826.2,TIME_EXIT
2026-07-15,15:15:00,JWL,260.9,255.55,383,-2049.05,TIME_EXIT
2026-07-15,15:15:00,INDHOTEL,739.8,743.2,135,459.0,TIME_EXIT
2026-07-15,15:15:00,LXCHEM,169.13,168.47,591,-390.06,TIME_EXIT
2026-07-15,15:15:01,ETERNAL,292.25,294.5,342,769.5,TIME_EXIT
2026-07-15,15:15:00,PINELABS,162.04,157.13,617,-3029.47,TIME_EXIT
2026-07-15,15:15:00,HEXT,566.0,565.25,176,-132.0,TIME_EXIT
2026-07-15,15:15:00,AAVAS,1483.2,1498.3,67,1011.7,TIME_EXIT
2026-07-15,15:15:01,SBIN,1032.2,1030.2,96,-192.0,TIME_EXIT
2026-07-15,15:15:00,RALLIS,238.36,237.98,419,-159.22,TIME_EXIT
2026-07-15,15:15:01,NAUKRI,1202.25,1186.65,83,-1294.8,TIME_EXIT
2026-07-15,15:15:02,J&KBANK,183.89,182.17,543,-933.96,TIME_EXIT
2026-07-15,15:15:02,CHOLAHLDNG,1610.1,1598.8,62,-700.6,TIME_EXIT
2026-07-15,15:15:02,JUBLINGREA,744.6,737.55,134,-944.7,TIME_EXIT
2026-07-15,15:15:02,IGIL,354.0,353.35,282,-183.3,TIME_EXIT
2026-07-15,15:15:02,LTM,4087.0,4050.3,24,-880.8,TIME_EXIT
2026-07-15,15:15:03,HEG,578.35,584.75,172,1100.8,TIME_EXIT
2026-07-15,15:15:03,BANDHANBNK,215.75,216.48,463,337.99,TIME_EXIT
2026-07-15,15:15:02,NAZARA,309.0,309.45,323,145.35,TIME_EXIT
2026-07-15,15:15:03,PARKHOSPS,292.85,291.05,341,-613.8,TIME_EXIT
2026-07-15,15:15:03,IIFL,545.75,543.15,183,-475.8,TIME_EXIT
2026-07-15,15:15:03,GAIL,173.46,173.24,576,-126.72,TIME_EXIT
2026-07-15,15:15:04,FORTIS,985.1,974.8,101,-1040.3,TIME_EXIT
2026-07-15,15:15:04,ANGELONE,343.55,343.4,291,-43.65,TIME_EXIT
2026-07-15,15:15:04,TMCV,428.9,423.75,233,-1199.95,TIME_EXIT
2026-07-15,15:15:04,NH,2030.1,2034.4,49,210.7,TIME_EXIT
2026-07-15,15:15:04,HBLENGINE,756.95,754.9,132,-270.6,TIME_EXIT
2026-07-15,15:15:05,SUPREMEIND,3473.6,3464.3,28,-260.4,TIME_EXIT
2026-07-15,15:15:05,POONAWALLA,481.7,474.95,207,-1397.25,TIME_EXIT
2026-07-15,15:15:05,GNFC,503.6,498.15,198,-1079.1,TIME_EXIT
2026-07-15,15:15:06,ASTRAMICRO,1772.1,1752.4,56,-1103.2,TIME_EXIT
2026-07-15,15:15:07,ATHERENERG,1286.5,1298.7,77,939.4,TIME_EXIT
2026-07-15,15:15:07,DCBBANK,190.92,189.52,523,-732.2,TIME_EXIT
2026-07-15,15:15:07,ACUTAAS,3559.4,3550.0,28,-263.2,TIME_EXIT
2026-07-15,15:15:08,ROUTE,583.25,578.1,171,-880.65,TIME_EXIT
2026-07-15,15:15:08,ELLEN,295.65,294.7,338,-321.1,TIME_EXIT
2026-07-15,15:15:08,EICHERMOT,7393.0,7408.5,13,201.5,TIME_EXIT
2026-07-15,15:15:09,FLUOROCHEM,4050.2,4134.9,24,2032.8,TIME_EXIT
2026-07-15,15:15:09,IOC,140.1,140.29,713,135.47,TIME_EXIT
2026-07-15,15:15:09,HDFCLIFE,568.8,567.9,175,-157.5,TIME_EXIT
2026-07-15,15:15:09,TITAGARH,882.25,878.0,113,-480.25,TIME_EXIT
2026-07-15,15:15:09,LENSKART,542.75,544.4,184,303.6,TIME_EXIT
2026-07-15,15:15:09,HDBFS,756.8,747.9,132,-1174.8,TIME_EXIT
2026-07-15,15:15:10,MRPL,160.9,157.83,621,-1906.47,TIME_EXIT
2026-07-15,15:15:10,HSCL,683.0,680.75,146,-328.5,TIME_EXIT
2026-07-15,15:15:37,CRISIL,4135.0,4208.0,24,1752.0,TIME_EXIT
2026-07-15,15:15:31,BALAMINES,2371.0,2316.9,42,-2272.2,TIME_EXIT
2026-07-15,15:15:36,JSL,727.3,724.3,137,-411.0,TIME_EXIT
2026-07-15,15:15:37,RVNL,231.95,226.82,431,-2211.03,TIME_EXIT
2026-07-15,15:15:35,TDPOWERSYS,1173.4,1173.8,85,34.0,TIME_EXIT
2026-07-15,15:15:34,MARKSANS,274.4,275.35,364,345.8,TIME_EXIT
2026-07-15,15:15:35,BANCOINDIA,672.6,666.2,148,-947.2,TIME_EXIT
2026-07-15,15:15:33,JKCEMENT,5425.0,5425.5,18,9.0,TIME_EXIT
2026-07-15,15:15:29,QUESS,302.15,293.05,330,-3003.0,TIME_EXIT
2026-07-15,15:15:34,RITES,225.51,222.78,443,-1209.39,TIME_EXIT
2026-07-15,15:15:34,IRCON,132.27,130.37,756,-1436.4,TIME_EXIT
2026-07-15,15:15:27,STYL,401.75,400.0,248,-434.0,TIME_EXIT
2026-07-15,15:15:32,CONCORDBIO,1358.7,1340.7,73,-1314.0,TIME_EXIT
2026-07-15,15:15:34,AFFLE,1522.8,1501.7,65,-1371.5,TIME_EXIT
2026-07-15,15:15:36,AARTIIND,504.35,501.15,198,-633.6,TIME_EXIT
2026-07-15,15:15:37,HFCL,223.34,223.09,447,-111.75,TIME_EXIT
2026-07-15,15:15:36,ZENTEC,1828.0,1822.9,54,-275.4,TIME_EXIT
2026-07-15,15:15:33,AWFIS,294.6,292.15,339,-830.55,TIME_EXIT
2026-07-15,15:15:36,KARURVYSYA,307.6,305.3,325,-747.5,TIME_EXIT
2026-07-15,15:15:37,INDIAMART,1949.2,1951.9,51,137.7,TIME_EXIT
2026-07-15,15:15:36,FACT,852.0,851.0,117,-117.0,TIME_EXIT
2026-07-15,15:15:36,VIKRAMSOLR,195.81,193.65,510,-1101.6,TIME_EXIT
2026-07-15,15:15:30,IFBIND,1401.9,1374.6,71,-1938.3,TIME_EXIT
2026-07-15,15:15:31,FSL,266.27,261.7,375,-1713.75,TIME_EXIT
2026-07-15,15:15:27,SKYGOLD,635.8,629.65,157,-965.55,TIME_EXIT
2026-07-15,15:15:38,INDIGO,5215.5,5170.5,19,-855.0,TIME_EXIT
2026-07-15,15:15:33,TEXRAIL,120.08,118.5,832,-1314.56,TIME_EXIT
2026-07-15,15:15:37,IONEXCHANG,451.8,443.9,221,-1745.9,TIME_EXIT
2026-07-15,15:15:37,RAMCOCEM,944.85,933.15,105,-1228.5,TIME_EXIT
2026-07-15,15:15:35,POLICYBZR,1603.0,1610.1,62,440.2,TIME_EXIT
2026-07-15,15:15:36,CEATLTD,3780.8,3792.5,26,304.2,TIME_EXIT
2026-07-15,15:15:35,PRICOLLTD,623.35,618.25,160,-816.0,TIME_EXIT
2026-07-15,15:15:36,ICICIGI,1813.0,1814.5,55,82.5,TIME_EXIT
2026-07-15,15:15:35,ZYDUSWELL,585.4,577.75,170,-1300.5,TIME_EXIT
2026-07-15,15:15:35,SPARC,254.46,250.9,392,-1395.52,TIME_EXIT
2026-07-15,15:15:36,AETHER,1464.1,1471.5,68,503.2,TIME_EXIT
2026-07-15,15:15:26,RHIM,412.95,406.6,242,-1536.7,TIME_EXIT
2026-07-15,15:15:29,RELIGARE,266.35,268.5,375,806.25,TIME_EXIT
2026-07-15,15:15:36,KANSAINER,201.49,203.0,496,748.96,TIME_EXIT
2026-07-15,15:15:37,HCLTECH,1179.0,1168.0,84,-924.0,TIME_EXIT
2026-07-15,15:15:32,JKPAPER,379.55,374.6,263,-1301.85,TIME_EXIT
2026-07-15,15:15:34,ALKYLAMINE,1896.1,1886.0,27,-272.7,TIME_EXIT
2026-07-15,15:15:38,YATHARTH,843.95,841.65,118,-271.4,TIME_EXIT
2026-07-15,10:02:31,2026-07-15,10:18:12,941,TEST,100,100.25,105.75,550.0,TARGET
